Data_Type,기준일자,CustomerPO_Num,Customer_Name,STATUS,DO_Num,Item_Code,ALLOC_CW,Customer_Address,Product_Name,Power_Class,Tariff,WH_Code,WH_Name,WestEast,Segment,PCS,Pallet,MW,ASP,Revenue,CPO_PCS,CPO_Pallet,CPO_MW,PO_Date,Requested_Delivery_Date,Updated_RDD,Cargo_Release_Date,ETD,ETD_Lag,ATD,ETA,TruckingCompany_Name,Incoterm,Proof_Of_Delivery_Date,CPO_Status,Logi_Status
OSR,2022-08-18,Replacements(Claim#204599)_PT2,"White Spruce Holdings, LLC  CS Energy, LLC",CR,,12004284,CW32,,,,0.0,VA,VA NORFOLK 1157,E,,29.0,,,0.0,0.0,,,,2022-07-28,,,2022-08-02,2022-08-12,2022-08-12,,,,CIP,,DRAFT,
OSR,2022-08-18,HANWHA-EDPG-06292022-01_PT6,"EDPR NA Distributed Generation, LLC",CR,,,CW20,,,,0.0,NJ,NJ ELIZABETH 201,E,,6168.0,,,0.47,8479458.0,,,,2022-07-22,2023-01-01,,,2023-05-19,2023-05-19,,,,CIP,,APPROVED,
OSR,2022-08-18,HANWHA-EDPG-06292022-01_PT6,"EDPR NA Distributed Generation, LLC",CR,,,CW20,,,,0.0,NJ,NJ LINDEN 340,E,,6168.0,,,0.47,8479458.0,,,,2022-07-22,2023-01-01,,,2023-05-19,2023-05-19,,,,CIP,,APPROVED,
OSR,2022-08-18,HANWHA-EDPG-06292022-01_PT6,"EDPR NA Distributed Generation, LLC",CR,,,CW20,,,,0.0,NJ,NJ NORTH BRUNSWICK 2300,E,,6168.0,,,0.47,8479458.0,,,,2022-07-22,2023-01-01,,,2023-05-19,2023-05-19,,,,CIP,,APPROVED,
OSR,2022-08-18,HANWHA-EDPG-06292022-01_PT6,"EDPR NA Distributed Generation, LLC",CR,,,CW20,,,,0.0,NJ,NJ NORTH BRUNSWICK 1665,E,,6168.0,,,0.47,8479458.0,,,,2022-07-22,2023-01-01,,,2023-05-19,2023-05-19,,,,CIP,,APPROVED,
OSR,2022-08-18,HANWHA-EDPG-06292022-01_PT6,"EDPR NA Distributed Generation, LLC",CR,,,CW20,,,,0.0,NJ,NJ MOONACHIE 245,E,,6168.0,,,0.47,8479458.0,,,,2022-07-22,2023-01-01,,,2023-05-19,2023-05-19,,,,CIP,,APPROVED,
OSR,2022-08-18,HANWHA-EDPG-06292022-01_PT5,"EDPR NA Distributed Generation, LLC",CR,,,CW17,,,,0.0,NJ,NJ ELIZABETH 201,E,,6324.0,,,0.47,8693919.0,,,,2022-07-22,2023-01-01,,,2023-04-28,2023-04-28,,,,CIP,,APPROVED,
OSR,2022-08-18,HANWHA-EDPG-06292022-01_PT5,"EDPR NA Distributed Generation, LLC",CR,,,CW17,,,,0.0,NJ,NJ LINDEN 340,E,,6324.0,,,0.47,8693919.0,,,,2022-07-22,2023-01-01,,,2023-04-28,2023-04-28,,,,CIP,,APPROVED,
OSR,2022-08-18,HANWHA-EDPG-06292022-01_PT5,"EDPR NA Distributed Generation, LLC",CR,,,CW17,,,,0.0,NJ,NJ NORTH BRUNSWICK 2300,E,,6324.0,,,0.47,8693919.0,,,,2022-07-22,2023-01-01,,,2023-04-28,2023-04-28,,,,CIP,,APPROVED,
OSR,2022-08-18,HANWHA-EDPG-06292022-01_PT5,"EDPR NA Distributed Generation, LLC",CR,,,CW17,,,,0.0,NJ,NJ NORTH BRUNSWICK 1665,E,,6324.0,,,0.47,8693919.0,,,,2022-07-22,2023-01-01,,,2023-04-28,2023-04-28,,,,CIP,,APPROVED,
OSR,2022-08-18,HANWHA-EDPG-06292022-01_PT5,"EDPR NA Distributed Generation, LLC",CR,,,CW17,,,,0.0,NJ,NJ MOONACHIE 245,E,,6324.0,,,0.47,8693919.0,,,,2022-07-22,2023-01-01,,,2023-04-28,2023-04-28,,,,CIP,,APPROVED,
OSR,2022-08-18,HANWHA-EDPG-06292022-01_PT4,"EDPR NA Distributed Generation, LLC",CR,,,CW13,,,,0.0,NJ,NJ ELIZABETH 201,E,,6318.0,,,0.47,8685670.5,,,,2022-07-22,2023-01-01,,,2023-03-31,2023-03-31,,,,CIP,,APPROVED,
OSR,2022-08-18,HANWHA-EDPG-06292022-01_PT4,"EDPR NA Distributed Generation, LLC",CR,,,CW13,,,,0.0,NJ,NJ LINDEN 340,E,,6318.0,,,0.47,8685670.5,,,,2022-07-22,2023-01-01,,,2023-03-31,2023-03-31,,,,CIP,,APPROVED,
OSR,2022-08-18,HANWHA-EDPG-06292022-01_PT4,"EDPR NA Distributed Generation, LLC",CR,,,CW13,,,,0.0,NJ,NJ NORTH BRUNSWICK 2300,E,,6318.0,,,0.47,8685670.5,,,,2022-07-22,2023-01-01,,,2023-03-31,2023-03-31,,,,CIP,,APPROVED,
OSR,2022-08-18,HANWHA-EDPG-06292022-01_PT4,"EDPR NA Distributed Generation, LLC",CR,,,CW13,,,,0.0,NJ,NJ NORTH BRUNSWICK 1665,E,,6318.0,,,0.47,8685670.5,,,,2022-07-22,2023-01-01,,,2023-03-31,2023-03-31,,,,CIP,,APPROVED,
OSR,2022-08-18,HANWHA-EDPG-06292022-01_PT4,"EDPR NA Distributed Generation, LLC",CR,,,CW13,,,,0.0,NJ,NJ MOONACHIE 245,E,,6318.0,,,0.47,8685670.5,,,,2022-07-22,2023-01-01,,,2023-03-31,2023-03-31,,,,CIP,,APPROVED,
OSR,2022-08-18,2576-JB909651S_PT6,CED Greentech Fresno,CR,,,CW43,,,,0.0,CA_S,CA GARDENA 14439,W,,166.4,,,0.62,188281.6,,,,2022-12-06,,,,2022-10-28,2022-10-28,,,,CIP,,AWAITING APPROVAL,
OSR,2022-08-18,2576-JB909651S_PT6,CED Greentech Fresno,CR,,,CW43,,,,0.0,CA_S,CA ONTARIO 2825,W,,166.4,,,0.62,188281.6,,,,2022-12-06,,,,2022-10-28,2022-10-28,,,,CIP,,AWAITING APPROVAL,
OSR,2022-08-18,2576-JB909651S_PT6,CED Greentech Fresno,CR,,,CW43,,,,0.0,CA_S,CA FULLERTON 2091,W,,166.4,,,0.62,188281.6,,,,2022-12-06,,,,2022-10-28,2022-10-28,,,,CIP,,AWAITING APPROVAL,
OSR,2022-08-18,2576-JB909651S_PT6,CED Greentech Fresno,CR,,,CW43,,,,0.0,CA_S,CA TORRANCE 1545,W,,166.4,,,0.62,188281.6,,,,2022-12-06,,,,2022-10-28,2022-10-28,,,,CIP,,AWAITING APPROVAL,
OSR,2022-08-18,2576-JB909651S_PT6,CED Greentech Fresno,CR,,,CW43,,,,0.0,CA_S,CA CARSON 2760,W,,166.4,,,0.62,188281.6,,,,2022-12-06,,,,2022-10-28,2022-10-28,,,,CIP,,AWAITING APPROVAL,
OSR,2022-08-18,2576-JB909651S_PT5,CED Greentech Fresno,CR,,,CW43,,,,0.0,CA_S,CA GARDENA 14439,W,,166.4,,,0.62,188281.6,,,,2022-12-06,,,,2022-10-28,2022-10-28,,,,CIP,,AWAITING APPROVAL,
OSR,2022-08-18,2576-JB909651S_PT5,CED Greentech Fresno,CR,,,CW43,,,,0.0,CA_S,CA ONTARIO 2825,W,,166.4,,,0.62,188281.6,,,,2022-12-06,,,,2022-10-28,2022-10-28,,,,CIP,,AWAITING APPROVAL,
OSR,2022-08-18,2576-JB909651S_PT5,CED Greentech Fresno,CR,,,CW43,,,,0.0,CA_S,CA FULLERTON 2091,W,,166.4,,,0.62,188281.6,,,,2022-12-06,,,,2022-10-28,2022-10-28,,,,CIP,,AWAITING APPROVAL,
OSR,2022-08-18,2576-JB909651S_PT5,CED Greentech Fresno,CR,,,CW43,,,,0.0,CA_S,CA TORRANCE 1545,W,,166.4,,,0.62,188281.6,,,,2022-12-06,,,,2022-10-28,2022-10-28,,,,CIP,,AWAITING APPROVAL,
OSR,2022-08-18,2576-JB909651S_PT5,CED Greentech Fresno,CR,,,CW43,,,,0.0,CA_S,CA CARSON 2760,W,,166.4,,,0.62,188281.6,,,,2022-12-06,,,,2022-10-28,2022-10-28,,,,CIP,,AWAITING APPROVAL,
OSR,2022-08-18,2576-JB909651S_PT4,CED Greentech Fresno,CR,,,CW43,,,,0.0,CA_S,CA GARDENA 14439,W,,166.4,,,0.62,188281.6,,,,2022-12-06,,,,2022-10-28,2022-10-28,,,,CIP,,AWAITING APPROVAL,
OSR,2022-08-18,2576-JB909651S_PT4,CED Greentech Fresno,CR,,,CW43,,,,0.0,CA_S,CA ONTARIO 2825,W,,166.4,,,0.62,188281.6,,,,2022-12-06,,,,2022-10-28,2022-10-28,,,,CIP,,AWAITING APPROVAL,
OSR,2022-08-18,2576-JB909651S_PT4,CED Greentech Fresno,CR,,,CW43,,,,0.0,CA_S,CA FULLERTON 2091,W,,166.4,,,0.62,188281.6,,,,2022-12-06,,,,2022-10-28,2022-10-28,,,,CIP,,AWAITING APPROVAL,
OSR,2022-08-18,2576-JB909651S_PT4,CED Greentech Fresno,CR,,,CW43,,,,0.0,CA_S,CA TORRANCE 1545,W,,166.4,,,0.62,188281.6,,,,2022-12-06,,,,2022-10-28,2022-10-28,,,,CIP,,AWAITING APPROVAL,
OSR,2022-08-18,2576-JB909651S_PT4,CED Greentech Fresno,CR,,,CW43,,,,0.0,CA_S,CA CARSON 2760,W,,166.4,,,0.62,188281.6,,,,2022-12-06,,,,2022-10-28,2022-10-28,,,,CIP,,AWAITING APPROVAL,
OSR,2022-08-18,1875-DN918077S_PT7,CED Greentech Denver,CR,,,CW33,,,,0.0,WA,WA TACOMA 475,W,,256.0,,,0.64,196608.0,,,,2021-12-08,2022-08-01,,2022-08-05,2022-08-19,2022-08-19,,2022-08-19,,CIP,,APPROVED,
OSR,2022-08-18,1875-DN918077S_PT7,CED Greentech Denver,CR,,,CW33,,,,0.0,WA,WA TACOMA 1401,W,,256.0,,,0.64,196608.0,,,,2021-12-08,2022-08-01,,2022-08-05,2022-08-19,2022-08-19,,2022-08-19,,CIP,,APPROVED,
OSR,2022-08-18,1875-DN918077S_PT7,CED Greentech Denver,CR,,,CW33,,,,0.0,WA,WA KENT 7901,W,,256.0,,,0.64,196608.0,,,,2021-12-08,2022-08-01,,2022-08-05,2022-08-19,2022-08-19,,2022-08-19,,CIP,,APPROVED,
OSR,2022-08-18,4659_PT1,"Premier Renewables, LLC",CR,,12002196,CW32,,,,0.0,CA_S,CA GARDENA 14439,W,,6.8,,,0.5,6205.0,,,,2022-06-24,2022-07-20,2022-07-20,,2022-08-12,2022-08-26,,,,CIP,,AWAITING APPROVAL,
OSR,2022-08-18,4659_PT1,"Premier Renewables, LLC",CR,,12002196,CW32,,,,0.0,CA_S,CA ONTARIO 2825,W,,6.8,,,0.5,6205.0,,,,2022-06-24,2022-07-20,2022-07-20,,2022-08-12,2022-08-26,,,,CIP,,AWAITING APPROVAL,
OSR,2022-08-18,4659_PT1,"Premier Renewables, LLC",CR,,12002196,CW32,,,,0.0,CA_S,CA FULLERTON 2091,W,,6.8,,,0.5,6205.0,,,,2022-06-24,2022-07-20,2022-07-20,,2022-08-12,2022-08-26,,,,CIP,,AWAITING APPROVAL,
OSR,2022-08-18,4659_PT1,"Premier Renewables, LLC",CR,,12002196,CW32,,,,0.0,CA_S,CA TORRANCE 1545,W,,6.8,,,0.5,6205.0,,,,2022-06-24,2022-07-20,2022-07-20,,2022-08-12,2022-08-26,,,,CIP,,AWAITING APPROVAL,
OSR,2022-08-18,4659_PT1,"Premier Renewables, LLC",CR,,12002196,CW32,,,,0.0,CA_S,CA CARSON 2760,W,,6.8,,,0.5,6205.0,,,,2022-06-24,2022-07-20,2022-07-20,,2022-08-12,2022-08-26,,,,CIP,,AWAITING APPROVAL,
OSR,2022-08-18,PO-34028_PT1,BayWa r.e. Solar Systems LLC,CR,,49205140,CW28,,,,0.0,CA_S,CA GARDENA 14439,W,,153.6,,,0.64,196608.0,,,,2022-03-25,,,,2022-07-15,2022-08-26,,,,DDP,,AWAITING APPROVAL,
OSR,2022-08-18,PO-34028_PT1,BayWa r.e. Solar Systems LLC,CR,,49205140,CW28,,,,0.0,CA_S,CA ONTARIO 2825,W,,153.6,,,0.64,196608.0,,,,2022-03-25,,,,2022-07-15,2022-08-26,,,,DDP,,AWAITING APPROVAL,
OSR,2022-08-18,PO-34028_PT1,BayWa r.e. Solar Systems LLC,CR,,49205140,CW28,,,,0.0,CA_S,CA FULLERTON 2091,W,,153.6,,,0.64,196608.0,,,,2022-03-25,,,,2022-07-15,2022-08-26,,,,DDP,,AWAITING APPROVAL,
OSR,2022-08-18,PO-34028_PT1,BayWa r.e. Solar Systems LLC,CR,,49205140,CW28,,,,0.0,CA_S,CA TORRANCE 1545,W,,153.6,,,0.64,196608.0,,,,2022-03-25,,,,2022-07-15,2022-08-26,,,,DDP,,AWAITING APPROVAL,
OSR,2022-08-18,PO-34028_PT1,BayWa r.e. Solar Systems LLC,CR,,49205140,CW28,,,,0.0,CA_S,CA CARSON 2760,W,,153.6,,,0.64,196608.0,,,,2022-03-25,,,,2022-07-15,2022-08-26,,,,DDP,,AWAITING APPROVAL,
OSR,2022-08-18,2213PO001,"Empire Valorize, LLC",CR,,30391491C,CW01,,,,0.15,NJ,NJ ELIZABETH 201,E,,2146.0,,,0.4,2467900.0,,,,2022-03-31,,,,2024-01-05,2024-01-05,,,,DDP,,APPROVED,
OSR,2022-08-18,2213PO001,"Empire Valorize, LLC",CR,,30391491C,CW01,,,,0.15,NJ,NJ LINDEN 340,E,,2146.0,,,0.4,2467900.0,,,,2022-03-31,,,,2024-01-05,2024-01-05,,,,DDP,,APPROVED,
OSR,2022-08-18,2213PO001,"Empire Valorize, LLC",CR,,30391491C,CW01,,,,0.15,NJ,NJ NORTH BRUNSWICK 2300,E,,2146.0,,,0.4,2467900.0,,,,2022-03-31,,,,2024-01-05,2024-01-05,,,,DDP,,APPROVED,
OSR,2022-08-18,2213PO001,"Empire Valorize, LLC",CR,,30391491C,CW01,,,,0.15,NJ,NJ NORTH BRUNSWICK 1665,E,,2146.0,,,0.4,2467900.0,,,,2022-03-31,,,,2024-01-05,2024-01-05,,,,DDP,,APPROVED,
OSR,2022-08-18,2213PO001,"Empire Valorize, LLC",CR,,30391491C,CW01,,,,0.15,NJ,NJ MOONACHIE 245,E,,2146.0,,,0.4,2467900.0,,,,2022-03-31,,,,2024-01-05,2024-01-05,,,,DDP,,APPROVED,
OSR,2022-08-18,2210PO002,"Empire Valorize, LLC",CR,,30391491C,CW01,,,,0.15,NJ,NJ ELIZABETH 201,E,,980.2,,,0.4,1127230.0,,,,2022-03-04,,,,2024-01-05,2024-01-05,,,,DDP,,APPROVED,
OSR,2022-08-18,2210PO002,"Empire Valorize, LLC",CR,,30391491C,CW01,,,,0.15,NJ,NJ LINDEN 340,E,,980.2,,,0.4,1127230.0,,,,2022-03-04,,,,2024-01-05,2024-01-05,,,,DDP,,APPROVED,
OSR,2022-08-18,2210PO002,"Empire Valorize, LLC",CR,,30391491C,CW01,,,,0.15,NJ,NJ NORTH BRUNSWICK 2300,E,,980.2,,,0.4,1127230.0,,,,2022-03-04,,,,2024-01-05,2024-01-05,,,,DDP,,APPROVED,
OSR,2022-08-18,2210PO002,"Empire Valorize, LLC",CR,,30391491C,CW01,,,,0.15,NJ,NJ NORTH BRUNSWICK 1665,E,,980.2,,,0.4,1127230.0,,,,2022-03-04,,,,2024-01-05,2024-01-05,,,,DDP,,APPROVED,
OSR,2022-08-18,2210PO002,"Empire Valorize, LLC",CR,,30391491C,CW01,,,,0.15,NJ,NJ MOONACHIE 245,E,,980.2,,,0.4,1127230.0,,,,2022-03-04,,,,2024-01-05,2024-01-05,,,,DDP,,APPROVED,
OSR,2022-08-18,2210PO001,"Empire Valorize, LLC",CR,,30391491C,CW01,,,,0.15,NJ,NJ ELIZABETH 201,E,,1102.0,,,0.4,1267300.0,,,,2022-03-08,,,,2024-01-05,2024-01-05,,,,DDP,,APPROVED,
OSR,2022-08-18,2210PO001,"Empire Valorize, LLC",CR,,30391491C,CW01,,,,0.15,NJ,NJ LINDEN 340,E,,1102.0,,,0.4,1267300.0,,,,2022-03-08,,,,2024-01-05,2024-01-05,,,,DDP,,APPROVED,
OSR,2022-08-18,2210PO001,"Empire Valorize, LLC",CR,,30391491C,CW01,,,,0.15,NJ,NJ NORTH BRUNSWICK 2300,E,,1102.0,,,0.4,1267300.0,,,,2022-03-08,,,,2024-01-05,2024-01-05,,,,DDP,,APPROVED,
OSR,2022-08-18,2210PO001,"Empire Valorize, LLC",CR,,30391491C,CW01,,,,0.15,NJ,NJ NORTH BRUNSWICK 1665,E,,1102.0,,,0.4,1267300.0,,,,2022-03-08,,,,2024-01-05,2024-01-05,,,,DDP,,APPROVED,
OSR,2022-08-18,2210PO001,"Empire Valorize, LLC",CR,,30391491C,CW01,,,,0.15,NJ,NJ MOONACHIE 245,E,,1102.0,,,0.4,1267300.0,,,,2022-03-08,,,,2024-01-05,2024-01-05,,,,DDP,,APPROVED,
OSR,2022-08-18,2209PO001,"Empire Valorize, LLC",CR,,30391491C,CW01,,,,0.15,NJ,NJ ELIZABETH 201,E,,1392.0,,,0.4,1600800.0,,,,2022-03-08,,,,2024-01-05,2024-01-05,,,,DDP,,APPROVED,
OSR,2022-08-18,2209PO001,"Empire Valorize, LLC",CR,,30391491C,CW01,,,,0.15,NJ,NJ LINDEN 340,E,,1392.0,,,0.4,1600800.0,,,,2022-03-08,,,,2024-01-05,2024-01-05,,,,DDP,,APPROVED,
OSR,2022-08-18,2209PO001,"Empire Valorize, LLC",CR,,30391491C,CW01,,,,0.15,NJ,NJ NORTH BRUNSWICK 2300,E,,1392.0,,,0.4,1600800.0,,,,2022-03-08,,,,2024-01-05,2024-01-05,,,,DDP,,APPROVED,
OSR,2022-08-18,2209PO001,"Empire Valorize, LLC",CR,,30391491C,CW01,,,,0.15,NJ,NJ NORTH BRUNSWICK 1665,E,,1392.0,,,0.4,1600800.0,,,,2022-03-08,,,,2024-01-05,2024-01-05,,,,DDP,,APPROVED,
OSR,2022-08-18,2209PO001,"Empire Valorize, LLC",CR,,30391491C,CW01,,,,0.15,NJ,NJ MOONACHIE 245,E,,1392.0,,,0.4,1600800.0,,,,2022-03-08,,,,2024-01-05,2024-01-05,,,,DDP,,APPROVED,
OSR,2022-08-18,2208PO001,"Empire Valorize, LLC",CR,,30391491C,CW01,,,,0.15,NJ,NJ ELIZABETH 201,E,,1537.0,,,0.4,1767550.0,,,,2022-03-08,,,,2024-01-05,2024-01-05,,,,DDP,,APPROVED,
OSR,2022-08-18,2208PO001,"Empire Valorize, LLC",CR,,30391491C,CW01,,,,0.15,NJ,NJ LINDEN 340,E,,1537.0,,,0.4,1767550.0,,,,2022-03-08,,,,2024-01-05,2024-01-05,,,,DDP,,APPROVED,
OSR,2022-08-18,2208PO001,"Empire Valorize, LLC",CR,,30391491C,CW01,,,,0.15,NJ,NJ NORTH BRUNSWICK 2300,E,,1537.0,,,0.4,1767550.0,,,,2022-03-08,,,,2024-01-05,2024-01-05,,,,DDP,,APPROVED,
OSR,2022-08-18,2208PO001,"Empire Valorize, LLC",CR,,30391491C,CW01,,,,0.15,NJ,NJ NORTH BRUNSWICK 1665,E,,1537.0,,,0.4,1767550.0,,,,2022-03-08,,,,2024-01-05,2024-01-05,,,,DDP,,APPROVED,
OSR,2022-08-18,2208PO001,"Empire Valorize, LLC",CR,,30391491C,CW01,,,,0.15,NJ,NJ MOONACHIE 245,E,,1537.0,,,0.4,1767550.0,,,,2022-03-08,,,,2024-01-05,2024-01-05,,,,DDP,,APPROVED,
OSR,2022-08-18,2203PO001,"Empire Valorize, LLC",CR,,30391491C,CW01,,,,0.15,NJ,NJ ELIZABETH 201,E,,1426.8,,,0.4,1640820.0,,,,2022-03-04,,,,2024-01-05,2024-01-05,,,,DDP,,APPROVED,
OSR,2022-08-18,2203PO001,"Empire Valorize, LLC",CR,,30391491C,CW01,,,,0.15,NJ,NJ LINDEN 340,E,,1426.8,,,0.4,1640820.0,,,,2022-03-04,,,,2024-01-05,2024-01-05,,,,DDP,,APPROVED,
OSR,2022-08-18,2203PO001,"Empire Valorize, LLC",CR,,30391491C,CW01,,,,0.15,NJ,NJ NORTH BRUNSWICK 2300,E,,1426.8,,,0.4,1640820.0,,,,2022-03-04,,,,2024-01-05,2024-01-05,,,,DDP,,APPROVED,
OSR,2022-08-18,2203PO001,"Empire Valorize, LLC",CR,,30391491C,CW01,,,,0.15,NJ,NJ NORTH BRUNSWICK 1665,E,,1426.8,,,0.4,1640820.0,,,,2022-03-04,,,,2024-01-05,2024-01-05,,,,DDP,,APPROVED,
OSR,2022-08-18,2203PO001,"Empire Valorize, LLC",CR,,30391491C,CW01,,,,0.15,NJ,NJ MOONACHIE 245,E,,1426.8,,,0.4,1640820.0,,,,2022-03-04,,,,2024-01-05,2024-01-05,,,,DDP,,APPROVED,
OSR,2022-08-18,2121PO001,"Empire Valorize, LLC",CR,,30391491C,CW01,,,,0.15,NJ,NJ ELIZABETH 201,E,,1061.4,,,0.4,1220610.0,,,,2022-03-31,,,,2024-01-05,2024-01-05,,,,DDP,,AWAITING APPROVAL,
OSR,2022-08-18,2121PO001,"Empire Valorize, LLC",CR,,30391491C,CW01,,,,0.15,NJ,NJ LINDEN 340,E,,1061.4,,,0.4,1220610.0,,,,2022-03-31,,,,2024-01-05,2024-01-05,,,,DDP,,AWAITING APPROVAL,
OSR,2022-08-18,2121PO001,"Empire Valorize, LLC",CR,,30391491C,CW01,,,,0.15,NJ,NJ NORTH BRUNSWICK 2300,E,,1061.4,,,0.4,1220610.0,,,,2022-03-31,,,,2024-01-05,2024-01-05,,,,DDP,,AWAITING APPROVAL,
OSR,2022-08-18,2121PO001,"Empire Valorize, LLC",CR,,30391491C,CW01,,,,0.15,NJ,NJ NORTH BRUNSWICK 1665,E,,1061.4,,,0.4,1220610.0,,,,2022-03-31,,,,2024-01-05,2024-01-05,,,,DDP,,AWAITING APPROVAL,
OSR,2022-08-18,2121PO001,"Empire Valorize, LLC",CR,,30391491C,CW01,,,,0.15,NJ,NJ MOONACHIE 245,E,,1061.4,,,0.4,1220610.0,,,,2022-03-31,,,,2024-01-05,2024-01-05,,,,DDP,,AWAITING APPROVAL,
OSR,2022-08-18,2115PO003,"Empire Valorize, LLC",CR,,30391491C,CW01,,,,0.15,NJ,NJ ELIZABETH 201,E,,1861.8,,,0.4,2141070.0,,,,2022-03-08,,,,2024-01-05,2024-01-05,,,,DDP,,APPROVED,
OSR,2022-08-18,2115PO003,"Empire Valorize, LLC",CR,,30391491C,CW01,,,,0.15,NJ,NJ LINDEN 340,E,,1861.8,,,0.4,2141070.0,,,,2022-03-08,,,,2024-01-05,2024-01-05,,,,DDP,,APPROVED,
OSR,2022-08-18,2115PO003,"Empire Valorize, LLC",CR,,30391491C,CW01,,,,0.15,NJ,NJ NORTH BRUNSWICK 2300,E,,1861.8,,,0.4,2141070.0,,,,2022-03-08,,,,2024-01-05,2024-01-05,,,,DDP,,APPROVED,
OSR,2022-08-18,2115PO003,"Empire Valorize, LLC",CR,,30391491C,CW01,,,,0.15,NJ,NJ NORTH BRUNSWICK 1665,E,,1861.8,,,0.4,2141070.0,,,,2022-03-08,,,,2024-01-05,2024-01-05,,,,DDP,,APPROVED,
OSR,2022-08-18,2115PO003,"Empire Valorize, LLC",CR,,30391491C,CW01,,,,0.15,NJ,NJ MOONACHIE 245,E,,1861.8,,,0.4,2141070.0,,,,2022-03-08,,,,2024-01-05,2024-01-05,,,,DDP,,APPROVED,
OSR,2022-08-18,2114PO001,"Empire Valorize, LLC",CR,,30391491C,CW01,,,,0.15,NJ,NJ ELIZABETH 201,E,,2447.6,,,0.4,2814740.0,,,,2022-03-31,,,,2024-01-05,2024-01-05,,,,DDP,,AWAITING APPROVAL,
OSR,2022-08-18,2114PO001,"Empire Valorize, LLC",CR,,30391491C,CW01,,,,0.15,NJ,NJ LINDEN 340,E,,2447.6,,,0.4,2814740.0,,,,2022-03-31,,,,2024-01-05,2024-01-05,,,,DDP,,AWAITING APPROVAL,
OSR,2022-08-18,2114PO001,"Empire Valorize, LLC",CR,,30391491C,CW01,,,,0.15,NJ,NJ NORTH BRUNSWICK 2300,E,,2447.6,,,0.4,2814740.0,,,,2022-03-31,,,,2024-01-05,2024-01-05,,,,DDP,,AWAITING APPROVAL,
OSR,2022-08-18,2114PO001,"Empire Valorize, LLC",CR,,30391491C,CW01,,,,0.15,NJ,NJ NORTH BRUNSWICK 1665,E,,2447.6,,,0.4,2814740.0,,,,2022-03-31,,,,2024-01-05,2024-01-05,,,,DDP,,AWAITING APPROVAL,
OSR,2022-08-18,2114PO001,"Empire Valorize, LLC",CR,,30391491C,CW01,,,,0.15,NJ,NJ MOONACHIE 245,E,,2447.6,,,0.4,2814740.0,,,,2022-03-31,,,,2024-01-05,2024-01-05,,,,DDP,,AWAITING APPROVAL,
OSR,2022-08-18,2108PO003,"Empire Valorize, LLC",CR,,30391491C,CW01,,,,0.15,NJ,NJ ELIZABETH 201,E,,1223.8,,,0.4,1407370.0,,,,2022-03-31,,,,2024-01-05,2024-01-05,,,,DDP,,AWAITING APPROVAL,
OSR,2022-08-18,2108PO003,"Empire Valorize, LLC",CR,,30391491C,CW01,,,,0.15,NJ,NJ LINDEN 340,E,,1223.8,,,0.4,1407370.0,,,,2022-03-31,,,,2024-01-05,2024-01-05,,,,DDP,,AWAITING APPROVAL,
OSR,2022-08-18,2108PO003,"Empire Valorize, LLC",CR,,30391491C,CW01,,,,0.15,NJ,NJ NORTH BRUNSWICK 2300,E,,1223.8,,,0.4,1407370.0,,,,2022-03-31,,,,2024-01-05,2024-01-05,,,,DDP,,AWAITING APPROVAL,
OSR,2022-08-18,2108PO003,"Empire Valorize, LLC",CR,,30391491C,CW01,,,,0.15,NJ,NJ NORTH BRUNSWICK 1665,E,,1223.8,,,0.4,1407370.0,,,,2022-03-31,,,,2024-01-05,2024-01-05,,,,DDP,,AWAITING APPROVAL,
OSR,2022-08-18,2108PO003,"Empire Valorize, LLC",CR,,30391491C,CW01,,,,0.15,NJ,NJ MOONACHIE 245,E,,1223.8,,,0.4,1407370.0,,,,2022-03-31,,,,2024-01-05,2024-01-05,,,,DDP,,AWAITING APPROVAL,
OSR,2022-08-18,2107PO003,"Empire Valorize, LLC",CR,,30391491C,CW01,,,,0.15,NJ,NJ ELIZABETH 201,E,,2447.6,,,0.4,2814740.0,,,,2022-03-31,,,,2024-01-05,2024-01-05,,,,DDP,,AWAITING APPROVAL,
OSR,2022-08-18,2107PO003,"Empire Valorize, LLC",CR,,30391491C,CW01,,,,0.15,NJ,NJ LINDEN 340,E,,2447.6,,,0.4,2814740.0,,,,2022-03-31,,,,2024-01-05,2024-01-05,,,,DDP,,AWAITING APPROVAL,
OSR,2022-08-18,2107PO003,"Empire Valorize, LLC",CR,,30391491C,CW01,,,,0.15,NJ,NJ NORTH BRUNSWICK 2300,E,,2447.6,,,0.4,2814740.0,,,,2022-03-31,,,,2024-01-05,2024-01-05,,,,DDP,,AWAITING APPROVAL,
OSR,2022-08-18,2107PO003,"Empire Valorize, LLC",CR,,30391491C,CW01,,,,0.15,NJ,NJ NORTH BRUNSWICK 1665,E,,2447.6,,,0.4,2814740.0,,,,2022-03-31,,,,2024-01-05,2024-01-05,,,,DDP,,AWAITING APPROVAL,
OSR,2022-08-18,2107PO003,"Empire Valorize, LLC",CR,,30391491C,CW01,,,,0.15,NJ,NJ MOONACHIE 245,E,,2447.6,,,0.4,2814740.0,,,,2022-03-31,,,,2024-01-05,2024-01-05,,,,DDP,,AWAITING APPROVAL,
OSR,2022-08-18,2019PO002,"Empire Valorize, LLC",CR,,30391491C,CW01,,,,0.15,NJ,NJ ELIZABETH 201,E,,1212.2,,,0.4,1394030.0,,,,2022-03-10,,,,2024-01-05,2024-01-05,,,,DDP,,APPROVED,
OSR,2022-08-18,2019PO002,"Empire Valorize, LLC",CR,,30391491C,CW01,,,,0.15,NJ,NJ LINDEN 340,E,,1212.2,,,0.4,1394030.0,,,,2022-03-10,,,,2024-01-05,2024-01-05,,,,DDP,,APPROVED,
OSR,2022-08-18,2019PO002,"Empire Valorize, LLC",CR,,30391491C,CW01,,,,0.15,NJ,NJ NORTH BRUNSWICK 2300,E,,1212.2,,,0.4,1394030.0,,,,2022-03-10,,,,2024-01-05,2024-01-05,,,,DDP,,APPROVED,
OSR,2022-08-18,2019PO002,"Empire Valorize, LLC",CR,,30391491C,CW01,,,,0.15,NJ,NJ NORTH BRUNSWICK 1665,E,,1212.2,,,0.4,1394030.0,,,,2022-03-10,,,,2024-01-05,2024-01-05,,,,DDP,,APPROVED,
OSR,2022-08-18,2019PO002,"Empire Valorize, LLC",CR,,30391491C,CW01,,,,0.15,NJ,NJ MOONACHIE 245,E,,1212.2,,,0.4,1394030.0,,,,2022-03-10,,,,2024-01-05,2024-01-05,,,,DDP,,APPROVED,
OSR,2022-08-18,2019PO001,"Empire Valorize, LLC",CR,,30391491C,CW01,,,,0.15,NJ,NJ ELIZABETH 201,E,,1212.2,,,0.4,1394030.0,,,,2022-03-08,,,,2024-01-05,2024-01-05,,,,DDP,,APPROVED,
OSR,2022-08-18,2019PO001,"Empire Valorize, LLC",CR,,30391491C,CW01,,,,0.15,NJ,NJ LINDEN 340,E,,1212.2,,,0.4,1394030.0,,,,2022-03-08,,,,2024-01-05,2024-01-05,,,,DDP,,APPROVED,
OSR,2022-08-18,2019PO001,"Empire Valorize, LLC",CR,,30391491C,CW01,,,,0.15,NJ,NJ NORTH BRUNSWICK 2300,E,,1212.2,,,0.4,1394030.0,,,,2022-03-08,,,,2024-01-05,2024-01-05,,,,DDP,,APPROVED,
OSR,2022-08-18,2019PO001,"Empire Valorize, LLC",CR,,30391491C,CW01,,,,0.15,NJ,NJ NORTH BRUNSWICK 1665,E,,1212.2,,,0.4,1394030.0,,,,2022-03-08,,,,2024-01-05,2024-01-05,,,,DDP,,APPROVED,
OSR,2022-08-18,2019PO001,"Empire Valorize, LLC",CR,,30391491C,CW01,,,,0.15,NJ,NJ MOONACHIE 245,E,,1212.2,,,0.4,1394030.0,,,,2022-03-08,,,,2024-01-05,2024-01-05,,,,DDP,,APPROVED,
OSR,2022-08-18,2022-700191_PT2,Krannich Solar West LLC,CR,,492031332,CW52,,,,0.0,CA_S,CA GARDENA 14439,W,,307.2,,,0.535,295833.6,,,,2022-04-11,,,,2022-12-30,2022-12-30,,,,CIP,,DRAFT,
OSR,2022-08-18,2022-700191_PT2,Krannich Solar West LLC,CR,,492031332,CW52,,,,0.0,CA_S,CA ONTARIO 2825,W,,307.2,,,0.535,295833.6,,,,2022-04-11,,,,2022-12-30,2022-12-30,,,,CIP,,DRAFT,
OSR,2022-08-18,2022-700191_PT2,Krannich Solar West LLC,CR,,492031332,CW52,,,,0.0,CA_S,CA FULLERTON 2091,W,,307.2,,,0.535,295833.6,,,,2022-04-11,,,,2022-12-30,2022-12-30,,,,CIP,,DRAFT,
OSR,2022-08-18,2022-700191_PT2,Krannich Solar West LLC,CR,,492031332,CW52,,,,0.0,CA_S,CA TORRANCE 1545,W,,307.2,,,0.535,295833.6,,,,2022-04-11,,,,2022-12-30,2022-12-30,,,,CIP,,DRAFT,
OSR,2022-08-18,2022-700191_PT2,Krannich Solar West LLC,CR,,492031332,CW52,,,,0.0,CA_S,CA CARSON 2760,W,,307.2,,,0.535,295833.6,,,,2022-04-11,,,,2022-12-30,2022-12-30,,,,CIP,,DRAFT,
OSR,2022-08-18,2022-700189_PT2,Krannich Solar West LLC,CR,,492031332,CW52,,,,0.0,CA_S,CA GARDENA 14439,W,,307.2,,,0.535,295833.6,,,,2022-04-08,,,,2022-12-30,2022-12-30,,,,CIP,,AWAITING APPROVAL,
OSR,2022-08-18,2022-700189_PT2,Krannich Solar West LLC,CR,,492031332,CW52,,,,0.0,CA_S,CA ONTARIO 2825,W,,307.2,,,0.535,295833.6,,,,2022-04-08,,,,2022-12-30,2022-12-30,,,,CIP,,AWAITING APPROVAL,
OSR,2022-08-18,2022-700189_PT2,Krannich Solar West LLC,CR,,492031332,CW52,,,,0.0,CA_S,CA FULLERTON 2091,W,,307.2,,,0.535,295833.6,,,,2022-04-08,,,,2022-12-30,2022-12-30,,,,CIP,,AWAITING APPROVAL,
OSR,2022-08-18,2022-700189_PT2,Krannich Solar West LLC,CR,,492031332,CW52,,,,0.0,CA_S,CA TORRANCE 1545,W,,307.2,,,0.535,295833.6,,,,2022-04-08,,,,2022-12-30,2022-12-30,,,,CIP,,AWAITING APPROVAL,
OSR,2022-08-18,2022-700189_PT2,Krannich Solar West LLC,CR,,492031332,CW52,,,,0.0,CA_S,CA CARSON 2760,W,,307.2,,,0.535,295833.6,,,,2022-04-08,,,,2022-12-30,2022-12-30,,,,CIP,,AWAITING APPROVAL,
OSR,2022-08-18,1057-JS900710S_PT1,CED Greentech Chico,CR,,492031332,CW37,,,,0.0,GA_N,GA ATLANTA 4071,E,,192.0,,,0.62,173798.4,,,,2022-04-22,,,,2022-09-16,2022-09-16,,,,CIP,,AWAITING APPROVAL,
OSR,2022-08-18,1057-JS900710S_PT1,CED Greentech Chico,CR,,492031332,CW37,,,,0.0,GA_N,GA DALTON EXTERNAL 3551,E,,192.0,,,0.62,173798.4,,,,2022-04-22,,,,2022-09-16,2022-09-16,,,,CIP,,AWAITING APPROVAL,
OSR,2022-08-18,1057-JS900710S_PT1,CED Greentech Chico,CR,,492031332,CW37,,,,0.0,GA_N,GA DALTON FACTORY 300,E,,192.0,,,0.62,173798.4,,,,2022-04-22,,,,2022-09-16,2022-09-16,,,,CIP,,AWAITING APPROVAL,
OSR,2022-08-18,1057-JS900710S_PT1,CED Greentech Chico,CR,,492031332,CW37,,,,0.0,GA_N,GA ATLANTA 4370,E,,192.0,,,0.62,173798.4,,,,2022-04-22,,,,2022-09-16,2022-09-16,,,,CIP,,AWAITING APPROVAL,
OSR,2022-08-18,2022-700050,Krannich Solar East LLC,CR,,492031332,CW43,,,,0.0,GA_N,GA ATLANTA 4071,E,,192.0,,,0.535,147916.8,,,,2022-12-04,,,,2022-10-28,2022-10-28,,,,CIP,,DRAFT,
OSR,2022-08-18,2022-700050,Krannich Solar East LLC,CR,,492031332,CW43,,,,0.0,GA_N,GA DALTON EXTERNAL 3551,E,,192.0,,,0.535,147916.8,,,,2022-12-04,,,,2022-10-28,2022-10-28,,,,CIP,,DRAFT,
OSR,2022-08-18,2022-700050,Krannich Solar East LLC,CR,,492031332,CW43,,,,0.0,GA_N,GA DALTON FACTORY 300,E,,192.0,,,0.535,147916.8,,,,2022-12-04,,,,2022-10-28,2022-10-28,,,,CIP,,DRAFT,
OSR,2022-08-18,2022-700050,Krannich Solar East LLC,CR,,492031332,CW43,,,,0.0,GA_N,GA ATLANTA 4370,E,,192.0,,,0.535,147916.8,,,,2022-12-04,,,,2022-10-28,2022-10-28,,,,CIP,,DRAFT,
OSR,2022-08-18,2022-700188_PT2,Krannich Solar West LLC,CR,,492031332,CW52,,,,0.0,CA_S,CA GARDENA 14439,W,,307.2,,,0.535,295833.6,,,,2022-04-08,,,,2022-12-30,2022-12-30,,,,CIP,,DRAFT,
OSR,2022-08-18,2022-700188_PT2,Krannich Solar West LLC,CR,,492031332,CW52,,,,0.0,CA_S,CA ONTARIO 2825,W,,307.2,,,0.535,295833.6,,,,2022-04-08,,,,2022-12-30,2022-12-30,,,,CIP,,DRAFT,
OSR,2022-08-18,2022-700188_PT2,Krannich Solar West LLC,CR,,492031332,CW52,,,,0.0,CA_S,CA FULLERTON 2091,W,,307.2,,,0.535,295833.6,,,,2022-04-08,,,,2022-12-30,2022-12-30,,,,CIP,,DRAFT,
OSR,2022-08-18,2022-700188_PT2,Krannich Solar West LLC,CR,,492031332,CW52,,,,0.0,CA_S,CA TORRANCE 1545,W,,307.2,,,0.535,295833.6,,,,2022-04-08,,,,2022-12-30,2022-12-30,,,,CIP,,DRAFT,
OSR,2022-08-18,2022-700188_PT2,Krannich Solar West LLC,CR,,492031332,CW52,,,,0.0,CA_S,CA CARSON 2760,W,,307.2,,,0.535,295833.6,,,,2022-04-08,,,,2022-12-30,2022-12-30,,,,CIP,,DRAFT,
OSR,2022-08-18,8797-RA938476S_PT2,CED Greentech Tracy,CR,,492031332,CW52,,,,0.0,GA_N,GA ATLANTA 4071,E,,208.0,,,0.62,188281.6,,,,2022-04-07,2022-11-07,,,2022-12-30,2022-12-30,,,,CIP,,AWAITING APPROVAL,
OSR,2022-08-18,8797-RA938476S_PT2,CED Greentech Tracy,CR,,492031332,CW52,,,,0.0,GA_N,GA DALTON EXTERNAL 3551,E,,208.0,,,0.62,188281.6,,,,2022-04-07,2022-11-07,,,2022-12-30,2022-12-30,,,,CIP,,AWAITING APPROVAL,
OSR,2022-08-18,8797-RA938476S_PT2,CED Greentech Tracy,CR,,492031332,CW52,,,,0.0,GA_N,GA DALTON FACTORY 300,E,,208.0,,,0.62,188281.6,,,,2022-04-07,2022-11-07,,,2022-12-30,2022-12-30,,,,CIP,,AWAITING APPROVAL,
OSR,2022-08-18,8797-RA938476S_PT2,CED Greentech Tracy,CR,,492031332,CW52,,,,0.0,GA_N,GA ATLANTA 4370,E,,208.0,,,0.62,188281.6,,,,2022-04-07,2022-11-07,,,2022-12-30,2022-12-30,,,,CIP,,AWAITING APPROVAL,
OSR,2022-08-18,8797-RA938475S_PT2,CED Greentech Tracy,CR,,492031332,CW52,,,,0.0,GA_N,GA ATLANTA 4071,E,,112.0,,,0.53,85478.4,,,,2022-04-07,2022-10-10,,,2022-12-30,2022-12-30,,,,CIP,,DRAFT,
OSR,2022-08-18,8797-RA938475S_PT2,CED Greentech Tracy,CR,,492031332,CW52,,,,0.0,GA_N,GA DALTON EXTERNAL 3551,E,,112.0,,,0.53,85478.4,,,,2022-04-07,2022-10-10,,,2022-12-30,2022-12-30,,,,CIP,,DRAFT,
OSR,2022-08-18,8797-RA938475S_PT2,CED Greentech Tracy,CR,,492031332,CW52,,,,0.0,GA_N,GA DALTON FACTORY 300,E,,112.0,,,0.53,85478.4,,,,2022-04-07,2022-10-10,,,2022-12-30,2022-12-30,,,,CIP,,DRAFT,
OSR,2022-08-18,8797-RA938475S_PT2,CED Greentech Tracy,CR,,492031332,CW52,,,,0.0,GA_N,GA ATLANTA 4370,E,,112.0,,,0.53,85478.4,,,,2022-04-07,2022-10-10,,,2022-12-30,2022-12-30,,,,CIP,,DRAFT,
OSR,2022-08-18,2576-JB910110S_PT1,CED Greentech Fresno,CR,,492031332,CW52,,,,0.0,CA_S,CA GARDENA 14439,W,,665.6,,,0.53,634982.4,,,,2022-03-31,2022-12-01,,,2022-12-30,2022-12-30,,,,CIP,,AWAITING APPROVAL,
OSR,2022-08-18,2576-JB910110S_PT1,CED Greentech Fresno,CR,,492031332,CW52,,,,0.0,CA_S,CA ONTARIO 2825,W,,665.6,,,0.53,634982.4,,,,2022-03-31,2022-12-01,,,2022-12-30,2022-12-30,,,,CIP,,AWAITING APPROVAL,
OSR,2022-08-18,2576-JB910110S_PT1,CED Greentech Fresno,CR,,492031332,CW52,,,,0.0,CA_S,CA FULLERTON 2091,W,,665.6,,,0.53,634982.4,,,,2022-03-31,2022-12-01,,,2022-12-30,2022-12-30,,,,CIP,,AWAITING APPROVAL,
OSR,2022-08-18,2576-JB910110S_PT1,CED Greentech Fresno,CR,,492031332,CW52,,,,0.0,CA_S,CA TORRANCE 1545,W,,665.6,,,0.53,634982.4,,,,2022-03-31,2022-12-01,,,2022-12-30,2022-12-30,,,,CIP,,AWAITING APPROVAL,
OSR,2022-08-18,2576-JB910110S_PT1,CED Greentech Fresno,CR,,492031332,CW52,,,,0.0,CA_S,CA CARSON 2760,W,,665.6,,,0.53,634982.4,,,,2022-03-31,2022-12-01,,,2022-12-30,2022-12-30,,,,CIP,,AWAITING APPROVAL,
OSR,2022-08-18,2576-JB910110S_PT2,CED Greentech Fresno,CR,,492031332,CW52,,,,0.0,CA_S,CA GARDENA 14439,W,,665.6,,,0.53,634982.4,,,,2022-03-31,2022-11-01,,,2022-12-30,2022-12-30,,,,CIP,,AWAITING APPROVAL,
OSR,2022-08-18,2576-JB910110S_PT2,CED Greentech Fresno,CR,,492031332,CW52,,,,0.0,CA_S,CA ONTARIO 2825,W,,665.6,,,0.53,634982.4,,,,2022-03-31,2022-11-01,,,2022-12-30,2022-12-30,,,,CIP,,AWAITING APPROVAL,
OSR,2022-08-18,2576-JB910110S_PT2,CED Greentech Fresno,CR,,492031332,CW52,,,,0.0,CA_S,CA FULLERTON 2091,W,,665.6,,,0.53,634982.4,,,,2022-03-31,2022-11-01,,,2022-12-30,2022-12-30,,,,CIP,,AWAITING APPROVAL,
OSR,2022-08-18,2576-JB910110S_PT2,CED Greentech Fresno,CR,,492031332,CW52,,,,0.0,CA_S,CA TORRANCE 1545,W,,665.6,,,0.53,634982.4,,,,2022-03-31,2022-11-01,,,2022-12-30,2022-12-30,,,,CIP,,AWAITING APPROVAL,
OSR,2022-08-18,2576-JB910110S_PT2,CED Greentech Fresno,CR,,492031332,CW52,,,,0.0,CA_S,CA CARSON 2760,W,,665.6,,,0.53,634982.4,,,,2022-03-31,2022-11-01,,,2022-12-30,2022-12-30,,,,CIP,,AWAITING APPROVAL,
OSR,2022-08-18,2576-JB909651S_PT3,CED Greentech Fresno,CR,,,CW38,,,,0.0,CA_S,CA GARDENA 14439,W,,166.4,,,0.62,188281.6,,,,2022-12-06,,,,2022-09-23,2022-09-23,,,,CIP,,AWAITING APPROVAL,
OSR,2022-08-18,2576-JB909651S_PT3,CED Greentech Fresno,CR,,,CW38,,,,0.0,CA_S,CA ONTARIO 2825,W,,166.4,,,0.62,188281.6,,,,2022-12-06,,,,2022-09-23,2022-09-23,,,,CIP,,AWAITING APPROVAL,
OSR,2022-08-18,2576-JB909651S_PT3,CED Greentech Fresno,CR,,,CW38,,,,0.0,CA_S,CA FULLERTON 2091,W,,166.4,,,0.62,188281.6,,,,2022-12-06,,,,2022-09-23,2022-09-23,,,,CIP,,AWAITING APPROVAL,
OSR,2022-08-18,2576-JB909651S_PT3,CED Greentech Fresno,CR,,,CW38,,,,0.0,CA_S,CA TORRANCE 1545,W,,166.4,,,0.62,188281.6,,,,2022-12-06,,,,2022-09-23,2022-09-23,,,,CIP,,AWAITING APPROVAL,
OSR,2022-08-18,2576-JB909651S_PT3,CED Greentech Fresno,CR,,,CW38,,,,0.0,CA_S,CA CARSON 2760,W,,166.4,,,0.62,188281.6,,,,2022-12-06,,,,2022-09-23,2022-09-23,,,,CIP,,AWAITING APPROVAL,
3PL,2022-08-18,20220801,Solar Sun World,DO,DOCK22081702,12005560,,"1140 Monticello Rd, Suite C",,,,NJ,NJ ELIZABETH 201,E,,60.0,2.0,0.0,,,,,,,,,,,,,,,CIP,,,
3PL,2022-08-18,20220801,Solar Sun World,DO,DOCK22081702-1,12005560,,"1140 Monticello Rd, Suite C",,,,NJ,NJ ELIZABETH 201,E,,29.0,1.0,0.0,,,,,,,,,,,,,,,CIP,,,
3PL,2022-08-18,EPCP3670_PT3,"Duke Energy Renewables Solar,LLC , Jackpot Holdings, LLC",DO,DOCK220617_8-1,,,59WP+45,,,,GA_S,GA POOLER 5250,E,,216.0,8.0,0.0,,,,,,,,,,,,,,,CIP,,,cancelled
