,Item_Code,ProductName,Power_Class,FactoryCd,SegmentName,ProductGroup3,UseYN
0,Q.PEAK DUO L G6 425,,425,,,,Active
1,Q.PEAK DUO L G6 430,,430,,,,Active
2,46103144,Q.PEAK DUO L G6,420,GA,U&C,GA / Q.PEAK DUO L G6 / ULC / US / 420,Active
3,12004245R,Q.PEAK DUO L G8,430,CYB,U&C,CYB / Q.PEAK DUO L G8 / ULC / US / 430,Active
4,Q.PEAK DUO L GP8.3 BFG 410,,410,,,,Active
5,Q.PEAK DUO L GP8.3 BFG 420,,420,,,,Active
6,Q.PEAK DUO L GP8.3 BGT 415,,415,,,,Active
7,Q.PEAK DUO L-G8P.3.1/BFG 415,,415,,,,Active
8,Q.PEAK DUO L-G8P.3.1/BGT 410,,410,,,,Active
9,Q.PEAK DUO L G8P.3 BFG 410,,410,,,,Active
10,30350207R,Q.PEAK DUO G5,330,JC,Residential,JC / Q.PEAK DUO G5 / RES / US / 330,Active
11,30350208R,Q.PEAK DUO G5,335,JC,Residential,JC / Q.PEAK DUO G5 / RES / US / 335,Active
12,30375107R,Q.PEAK DUO BLK G6+,330,JC,Residential,JC / Q.PEAK DUO BLK G6+ / RES / US / 330,Active
13,30375207R,Q.PEAK DUO BLK G6+,330,JC,Residential,JC / Q.PEAK DUO BLK G6+ / RES / US / 330,Active
14,30140106R,Q.PEAK DUO G5,325,JC,Residential,JC / Q.PEAK DUO G5 / RES / US / 325,Active
15,30359202R,Q.PEAK DUO BLK G5/SC,305,JC,Residential,JC / Q.PEAK DUO BLK G5/SC / RES / US / 305,Active
16,30350106R,Q.PEAK DUO G5,325,JC,Residential,JC / Q.PEAK DUO G5 / RES / US / 325,Active
17,30367457R,Q.PEAK DUO L G7,405,ES,U&C,ES / Q.PEAK DUO L G7 / ULC / US / 405,Active
18,30367458R,Q.PEAK DUO L G7,410,ES,U&C,ES / Q.PEAK DUO L G7 / ULC / US / 410,Active
19,30382761R,Q.PEAK DUO L G8,425,ES,U&C,ES / Q.PEAK DUO L G8 / ULC / US / 425,Active
20,30361056R,Q.PEAK DUO L G5,400,JC,U&C,JC / Q.PEAK DUO L G5 / ULC / US / 400,Active
21,SRWEIA1018601-U000,Q.HOME+ AC-G1 8.6,,,,,Active
22,BWCATSM000SLX-U000,Q.HOME+ TX-8.6,,,,,Active
23,BWCBMSP000SLX-U000,BAT BMS-G1,,,,,Active
24,SRWBPNU014501-U000,BAT45,,,,,Active
25,SRWBPNU016301-U000,BAT63,,,,,Active
26,BWCACCBMS0SLX-U000,"Battery Accessory box , Master control Accessory",,,,,Active
27,BWCACCBSL0SLX-U000,"Battery Accessory box , Slave control Accessory",,,,,Active
28,BWCENME1P0SLX-U000,Meter set,,,,,Active
29,BWCWIFIDG0SLX-U000,Wifi module,,,,,Active
30,30375509R,Q.PEAK DUO BLK G6+,340,JC,Residential,JC / Q.PEAK DUO BLK G6+ / RES / US / 340,Active
31,30361755R,Q.PEAK DUO L G5,395,JC,U&C,JC / Q.PEAK DUO L G5 / ULC / US / 395,Active
32,30361758R,Q.PEAK DUO L G5,410,JC,U&C,JC / Q.PEAK DUO L G5 / ULC / US / 410,Active
33,HQCAESS1101,Q.HOME+ HYB ESS-G1 6.0/4.5,,,,,Active
34,HQCAESS1118,Q.HOME+ HYB ESS-G1 7.6/18.9,,,,,Active
35,HQCAESS1119,Q.HOME+ HYB ESS-G1 8.6/4.5,,,,,Active
36,HQCAESS1120,Q.HOME+ HYB ESS-G1 8.6/6.3,,,,,Active
37,HQCAESS1121,Q.HOME+ HYB ESS-G1 8.6/9.0,,,,,Active
38,HQCAESS1122,Q.HOME+ HYB ESS-G1 8.6/12.6,,,,,Active
39,HQCAESS1123,Q.HOME+ HYB ESS-G1 8.6/13.5,,,,,Active
40,HQCAESS1124,Q.HOME+ HYB ESS-G1 8.6/18.9,,,,,Active
41,HQCAESS1201,Q.HOME+ AC ESS-G1 6.0/4.5,,,,,Active
42,HQCAESS1202,Q.HOME+ AC ESS-G1 6.0/6.3,,,,,Active
43,HQCAESS1203,Q.HOME+ AC ESS-G1 6.0/9.0,,,,,Active
44,HQCAESS1204,Q.HOME+ AC ESS-G1 6.0/12.6,,,,,Active
45,HQCAESS1205,Q.HOME+ AC ESS-G1 6.0/13.5,,,,,Active
46,HQCAESS1206,Q.HOME+ AC ESS-G1 6.0/18.9,,,,,Active
47,HQCAESS1207,Q.HOME+ AC ESS-G1 7.0/4.5,,,,,Active
48,HQCAESS1208,Q.HOME+ AC ESS-G1 7.0/6.3,,,,,Active
49,Q.PEAK DUO L G6 435,,435,,,,Active
50,Q.PEAK DUO L G8 435,,435,,,,Active
51,Q.PEAK DUO XL G9 465,,465,,,,Active
52,Q.PEAK DUO BLK ML G9 365,Q.PEAK DUO BLK ML G9+,365,,,,Active
53,Q.PEAK DUO BLK ML G9 370,Q.PEAK DUO BLK ML G9+,370,,,,Active
54,Q.PEAK DUO BLK ML G9 375,Q.PEAK DUO BLK ML G9+,375,,,,Active
55,Q.PEAK DUO BLK ML G9 380,Q.PEAK DUO BLK ML G9+,380,,,,Active
56,Q.PEAK DUO BLK ML G9 385,Q.PEAK DUO BLK ML G9+,385,,,,Active
57,12004928R,Q.PEAK DUO L G7,400,CYB,U&C,CYB / Q.PEAK DUO L G7 / ULC / US / 400,Active
58,43104139,Q.PEAK DUO L G5,395,GA,U&C,GA / Q.PEAK DUO L G5 / ULC / US / 395,Active
59,30315030T,Q.PEAK BLK G4.1,295,ES,Residential,ES / Q.PEAK BLK G4.1 / RES / US / 295,Active
60,30315202A,Q.PEAK BLK G4.1,305,ES,Residential,ES / Q.PEAK BLK G4.1 / RES / US / 305,Active
61,30320114A,Q.PEAK L G4.2,365,ES,U&C,ES / Q.PEAK L G4.2 / ULC / US / 365,Active
62,30320115A,Q.PEAK L G4.2,370,ES,U&C,ES / Q.PEAK L G4.2 / ULC / US / 370,Active
63,30320116A,Q.PEAK L G4.2,375,ES,U&C,ES / Q.PEAK L G4.2 / ULC / US / 375,Active
64,30320514A,Q.PEAK L G4.2,365,ES,U&C,ES / Q.PEAK L G4.2 / ULC / US / 365,Active
65,30320515A,Q.PEAK L G4.2,370,ES,U&C,ES / Q.PEAK L G4.2 / ULC / US / 370,Active
66,30320516A,Q.PEAK L G4.2,375,ES,U&C,ES / Q.PEAK L G4.2 / ULC / US / 375,Active
67,12002918R,Q.PEAK DUO L G5,405,CYB,U&C,CYB / Q.PEAK DUO L G5 / ULC / US / 405,Active
68,43101141,Q.PEAK DUO L G5,405,GA,U&C,GA / Q.PEAK DUO L G5 / ULC / US / 405,Active
69,43205122,Q.PEAK DUO BLK G5,310,GA,Residential,GA / Q.PEAK DUO BLK G5 / RES / US / 310,Active
70,43101132,Q.PEAK DUO L G5,360,GA,U&C,GA / Q.PEAK DUO L G5 / ULC / US / 360,Active
71,43101133,Q.PEAK DUO L G5,365,GA,U&C,GA / Q.PEAK DUO L G5 / ULC / US / 365,Active
72,43101134,Q.PEAK DUO L G5,370,GA,U&C,GA / Q.PEAK DUO L G5 / ULC / US / 370,Active
73,43101135,Q.PEAK DUO L G5,375,GA,U&C,GA / Q.PEAK DUO L G5 / ULC / US / 375,Active
74,43101136,Q.PEAK DUO L G5,380,GA,U&C,GA / Q.PEAK DUO L G5 / ULC / US / 380,Active
75,46101143,Q.PEAK DUO L G6,415,GA,U&C,GA / Q.PEAK DUO L G6 / ULC / US / 415,Active
76,46101144,Q.PEAK DUO L G6,420,GA,U&C,GA / Q.PEAK DUO L G6 / ULC / US / 420,Active
77,46201128,Q.PEAK DUO BLK G6+,340,GA,Residential,GA / Q.PEAK DUO BLK G6+ / RES / US / 340,Active
78,46202128,Q.PEAK DUO BLK G6+,340,GA,Residential,GA / Q.PEAK DUO BLK G6+ / RES / US / 340,Active
79,30383260R,Q.PEAK DUO L G8,420,ES,U&C,ES / Q.PEAK DUO L G8 / ULC / US / 420,Active
80,10018044,Q.PRO G4.1/SC ,265,CYB,U&C,CYB / Q.PRO G4.1/SC / ULC / US / 265,Active
81,10018959,Q.PLUS BFR G4.1,280,CYB,Residential,CYB / Q.PLUS BFR G4.1 / RES / US / 280,Active
82,12000809A,Q.PLUS BFR G4.1,290,CYB,Residential,CYB / Q.PLUS BFR G4.1 / RES / US / 290,Active
83,12000809R,Q.PLUS BFR G4.1,290,CYB,Residential,CYB / Q.PLUS BFR G4.1 / RES / US / 290,Active
84,12001227A,Q.PLUS L G4.2,345,CYB,U&C,CYB / Q.PLUS L G4.2 / ULC / US / 345,Active
85,12001227R,Q.PLUS L G4.2,345,CYB,U&C,CYB / Q.PLUS L G4.2 / ULC / US / 345,Active
86,12002485A,Q.PEAK DUO G7,320,CYB,Residential,CYB / Q.PEAK DUO G7 / RES / US / 320,Active
87,12002486A,Q.PEAK DUO G7,315,CYB,Residential,CYB / Q.PEAK DUO G7 / RES / US / 315,Active
88,12002650A,Q.PEAK DUO L G5,400,CYB,U&C,CYB / Q.PEAK DUO L G5 / ULC / US / 400,Active
89,12002651A,Q.PEAK DUO L G5,395,CYB,U&C,CYB / Q.PEAK DUO L G5 / ULC / US / 395,Active
90,12002652A,Q.PEAK DUO L G5,390,CYB,U&C,CYB / Q.PEAK DUO L G5 / ULC / US / 390,Active
91,12002818A,Q.PEAK DUO G5,330,CYB,Residential,CYB / Q.PEAK DUO G5 / RES / US / 330,Active
92,12002819A,Q.PEAK DUO G5,325,CYB,Residential,CYB / Q.PEAK DUO G5 / RES / US / 325,Active
93,12002820A,Q.PEAK DUO G5,320,CYB,Residential,CYB / Q.PEAK DUO G5 / RES / US / 320,Active
94,12002919A,Q.PEAK DUO L G5,400,CYB,U&C,CYB / Q.PEAK DUO L G5 / ULC / US / 400,Active
95,12002919R,Q.PEAK DUO L G5,400,CYB,U&C,CYB / Q.PEAK DUO L G5 / ULC / US / 400,Active
96,12002920A,Q.PEAK DUO L G5,395,CYB,U&C,CYB / Q.PEAK DUO L G5 / ULC / US / 395,Active
97,12002920R,Q.PEAK DUO L G5,395,CYB,U&C,CYB / Q.PEAK DUO L G5 / ULC / US / 395,Active
98,12002921A,Q.PEAK DUO L G5,390,CYB,U&C,CYB / Q.PEAK DUO L G5 / ULC / US / 390,Active
99,30111309,Q.PLUS L G4.2,340,ES,U&C,ES / Q.PLUS L G4.2 / ULC / US / 340,Active
100,30111408,Q.PLUS L G4.2,335,ES,U&C,ES / Q.PLUS L G4.2 / ULC / US / 335,Active
101,30112308T,Q.PLUS L G4.2,335,ES,U&C,ES / Q.PLUS L G4.2 / ULC / US / 335,Active
102,30120023,Q.PRO G4.1/SC ,260,ES,Residential,ES / Q.PRO G4.1/SC / RES / US / 260,Active
103,30120124,Q.PRO BFR G4.1 ,265,ES,Residential,ES / Q.PRO BFR G4.1 / RES / US / 265,Active
104,30125502T,Q.PEAK G4.1/SC,305,ES,Residential,ES / Q.PEAK G4.1/SC / RES / US / 305,Active
105,30125529T,Q.PEAK G4.1/SC,290,ES,Residential,ES / Q.PEAK G4.1/SC / RES / US / 290,Active
106,30140005,Q.PEAK DUO G5,320,JC,Residential,JC / Q.PEAK DUO G5 / RES / US / 320,Active
107,30140105A,Q.PEAK DUO G5,320,JC,Residential,JC / Q.PEAK DUO G5 / RES / US / 320,Active
108,30315001A,Q.PEAK BLK G4.1,300,ES,Residential,ES / Q.PEAK BLK G4.1 / RES / US / 300,Active
109,30315002A,Q.PEAK BLK G4.1,305,ES,Residential,ES / Q.PEAK BLK G4.1 / RES / US / 305,Active
110,30330127A,Q.PLUS G4.3,280,ES,Residential,ES / Q.PLUS G4.3 / RES / US / 280,Active
111,30330128A,Q.PLUS G4.3,285,ES,Residential,ES / Q.PLUS G4.3 / RES / US / 285,Active
112,30340309A,Q.PLUS L G4.1,340,ES,U&C,ES / Q.PLUS L G4.1 / ULC / US / 340,Active
113,30340310A,Q.PLUS L G4.1,345,ES,U&C,ES / Q.PLUS L G4.1 / ULC / US / 345,Active
114,30340710A,Q.PLUS L G4.2,345,ES,U&C,ES / Q.PLUS L G4.2 / ULC / US / 345,Active
115,30350206A,Q.PEAK DUO G5,325,JC,Residential,JC / Q.PEAK DUO G5 / RES / US / 325,Active
116,30355304A,Q.PEAK DUO BLK G5,315,JC,Residential,JC / Q.PEAK DUO BLK G5 / RES / US / 315,Active
117,30355402A,Q.PEAK DUO BLK G5,305,JC,Residential,JC / Q.PEAK DUO BLK G5 / RES / US / 305,Active
118,30355404A,Q.PEAK DUO BLK G5,315,JC,Residential,JC / Q.PEAK DUO BLK G5 / RES / US / 315,Active
119,30359104A,Q.PEAK DUO BLK G5,315,JC,Residential,JC / Q.PEAK DUO BLK G5 / RES / US / 315,Active
120,30359105A,Q.PEAK DUO BLK G5,320,JC,Residential,JC / Q.PEAK DUO BLK G5 / RES / US / 320,Active
121,30359106A,Q.PEAK DUO BLK G5,325,JC,Residential,JC / Q.PEAK DUO BLK G5 / RES / US / 325,Active
122,30359203A,Q.PEAK DUO BLK G5/SC,310,JC,Residential,JC / Q.PEAK DUO BLK G5/SC / RES / US / 310,Active
123,30359204A,Q.PEAK DUO BLK G5/SC,315,JC,Residential,JC / Q.PEAK DUO BLK G5/SC / RES / US / 315,Active
124,30359204R,Q.PEAK DUO BLK G5/SC,315,JC,Residential,JC / Q.PEAK DUO BLK G5/SC / RES / US / 315,Active
125,30359205A,Q.PEAK DUO BLK G5/SC,320,JC,Residential,JC / Q.PEAK DUO BLK G5/SC / RES / US / 320,Active
126,30359205R,Q.PEAK DUO BLK G5/SC,320,JC,Residential,JC / Q.PEAK DUO BLK G5/SC / RES / US / 320,Active
127,30359303A,Q.PEAK DUO BLK G5,310,JC,Residential,JC / Q.PEAK DUO BLK G5 / RES / US / 310,Active
128,30359304A,Q.PEAK DUO BLK G5,315,JC,Residential,JC / Q.PEAK DUO BLK G5 / RES / US / 315,Active
129,30359304R,Q.PEAK DUO BLK G5,315,JC,Residential,JC / Q.PEAK DUO BLK G5 / RES / US / 315,Active
130,30359305A,Q.PEAK DUO BLK G5,320,JC,Residential,JC / Q.PEAK DUO BLK G5 / RES / US / 320,Active
131,30360518A,Q.PEAK DUO L G5,385,JC,U&C,JC / Q.PEAK DUO L G5 / ULC / US / 385,Active
132,30360519A,Q.PEAK DUO L G5,390,JC,U&C,JC / Q.PEAK DUO L G5 / ULC / US / 390,Active
133,30361119R,Q.PEAK DUO L G5,390,JC,U&C,JC / Q.PEAK DUO L G5 / ULC / US / 390,Active
134,30361156R,Q.PEAK DUO L G5,400,JC,U&C,JC / Q.PEAK DUO L G5 / ULC / US / 400,Active
135,30361455A,Q.PEAK DUO L G5,395,JC,U&C,JC / Q.PEAK DUO L G5 / ULC / US / 395,Active
136,30361455R,Q.PEAK DUO L G5,395,JC,U&C,JC / Q.PEAK DUO L G5 / ULC / US / 395,Active
137,30361456A,Q.PEAK DUO L G5,400,JC,U&C,JC / Q.PEAK DUO L G5 / ULC / US / 400,Active
138,30361456R,Q.PEAK DUO L G5,400,JC,U&C,JC / Q.PEAK DUO L G5 / ULC / US / 400,Active
139,30367255R,Q.PEAK DUO L G7,395,ES,U&C,ES / Q.PEAK DUO L G7 / ULC / US / 395,Active
140,30367256R,Q.PEAK DUO L G7,400,ES,U&C,ES / Q.PEAK DUO L G7 / ULC / US / 400,Active
141,30367455A,Q.PEAK DUO L G7,395,ES,U&C,ES / Q.PEAK DUO L G7 / ULC / US / 395,Active
142,30367455R,Q.PEAK DUO L G7,395,ES,U&C,ES / Q.PEAK DUO L G7 / ULC / US / 395,Active
143,30367456A,Q.PEAK DUO L G7,400,ES,U&C,ES / Q.PEAK DUO L G7 / ULC / US / 400,Active
144,30367456R,Q.PEAK DUO L G7,400,ES,U&C,ES / Q.PEAK DUO L G7 / ULC / US / 400,Active
145,30375109A,Q.PEAK DUO BLK G6+,340,JC,Residential,JC / Q.PEAK DUO BLK G6+ / RES / US / 340,Active
146,30375109R,Q.PEAK DUO BLK G6+,340,JC,Residential,JC / Q.PEAK DUO BLK G6+ / RES / US / 340,Active
147,30375110R,Q.PEAK DUO BLK G6+,345,JC,Residential,JC / Q.PEAK DUO BLK G6+ / RES / US / 345,Active
148,41101137,Q.PEAK DUO L G5,385,GA,U&C,GA / Q.PEAK DUO L G5 / ULC / US / 385,Active
149,41101138,Q.PEAK DUO L G5,390,GA,U&C,GA / Q.PEAK DUO L G5 / ULC / US / 390,Active
150,41101139,Q.PEAK DUO L G5,395,GA,U&C,GA / Q.PEAK DUO L G5 / ULC / US / 395,Active
151,41101539,Q.PEAK DUO L G5,395,GA,U&C,GA / Q.PEAK DUO L G5 / ULC / US / 395,Active
152,41102137,Q.PEAK DUO L G5,385,GA,U&C,GA / Q.PEAK DUO L G5 / ULC / US / 385,Active
153,43101538,Q.PEAK DUO L G5,390,GA,U&C,GA / Q.PEAK DUO L G5 / ULC / US / 390,Active
154,43101539,Q.PEAK DUO L G5,395,GA,U&C,GA / Q.PEAK DUO L G5 / ULC / US / 395,Active
155,43103139,Q.PEAK DUO L G5,395,GA,U&C,GA / Q.PEAK DUO L G5 / ULC / US / 395,Active
156,43103140,Q.PEAK DUO L G5,400,GA,U&C,GA / Q.PEAK DUO L G5 / ULC / US / 400,Active
157,43202122,Q.PEAK DUO BLK G5,310,GA,Residential,GA / Q.PEAK DUO BLK G5 / RES / US / 310,Active
158,43202123,Q.PEAK DUO BLK G5,315,GA,Residential,GA / Q.PEAK DUO BLK G5 / RES / US / 315,Active
159,43202124,Q.PEAK DUO BLK G5,320,GA,Residential,GA / Q.PEAK DUO BLK G5 / RES / US / 320,Active
160,43202523,Q.PEAK DUO BLK G5,315,GA,Residential,GA / Q.PEAK DUO BLK G5 / RES / US / 315,Active
161,43204123,Q.PEAK DUO G5,315,GA,Residential,GA / Q.PEAK DUO G5 / RES / US / 315,Active
162,43204124,Q.PEAK DUO G5,320,GA,Residential,GA / Q.PEAK DUO G5 / RES / US / 320,Active
163,43204125,Q.PEAK DUO G5,325,GA,Residential,GA / Q.PEAK DUO G5 / RES / US / 325,Active
164,43204126,Q.PEAK DUO G5,330,GA,Residential,GA / Q.PEAK DUO G5 / RES / US / 330,Active
165,44101131,Q.PLUS DUO L G5,355,GA,U&C,GA / Q.PLUS DUO L G5 / ULC / US / 355,Active
166,694061111227131506,HSL72S,315,,,,Active
167,80101001,INVERTER,,,,,Active
168,80101002,INVERTER,,,,,Active
169,80101501,INVERTER,,,,,Active
170,80101502,INVERTER,,,,,Active
171,80101503,INVERTER,,,,,Active
172,80101504,INVERTER,,,,,Active
173,80101505,INVERTER,,,,,Active
174,80101506,,,,,,Active
175,80101507,,,,,,Active
176,80101508,,,,,,Active
177,80201501,INVERTER,,,,,Active
178,80201502,INVERTER,,,,,Active
179,80201503,INVERTER,,,,,Active
180,80201504,INVERTER,,,,,Active
181,80201505,INVERTER,,,,,Active
182,80201506,,,,,,Active
183,80201510,,,,,,Active
184,80201511,,,,,,Active
185,80201516,,,,,,Active
186,80201517,,,,,,Active
187,80301001,INVERTER,,,,,Active
188,80301002,INVERTER,,,,,Active
189,80303003,INVERTER,,,,,Active
190,82102001,,,,,,Active
191,82102002,,,,,,Active
192,82102022,,,,,,Active
193,82102023,,,,,,Active
194,82102024,,,,,,Active
195,82102025,,,,,,Active
196,82102026,,,,,,Active
197,83102001,,,,,,Active
198,83102002,,,,,,Active
199,83102003,,,,,,Active
200,83102004,,,,,,Active
201,83102005,,,,,,Active
202,83102007,,,,,,Active
203,83102008,,,,,,Active
204,86104504,,,,,,Active
205,86104505,,,,,,Active
206,87101001,,,,,,Active
207,87103001,,,,,,Active
208,87103002,,,,,,Active
209,87103003,,,,,,Active
210,87103004,,,,,,Active
211,87104001,,,,,,Active
212,87104002,,,,,,Active
213,QPEAK DUO L G5.2 395,,395,,,,Active
214,43102138,Q.PEAK DUO L G5,390,GA,U&C,GA / Q.PEAK DUO L G5 / ULC / US / 390,Active
215,43102139,Q.PEAK DUO L G5,395,GA,U&C,GA / Q.PEAK DUO L G5 / ULC / US / 395,Active
216,43103137,Q.PEAK DUO L G5,385,GA,U&C,GA / Q.PEAK DUO L G5 / ULC / US / 385,Active
217,43103138,Q.PEAK DUO L G5,390,GA,U&C,GA / Q.PEAK DUO L G5 / ULC / US / 390,Active
218,44103131,Q.PLUS DUO L G5,355,GA,U&C,GA / Q.PLUS DUO L G5 / ULC / US / 355,Active
219,12002482R,Q.PEAK DUO G7,335,CYB,Residential,CYB / Q.PEAK DUO G7 / RES / US / 335,Active
220,12002650R,Q.PEAK DUO L G5,400,CYB,U&C,CYB / Q.PEAK DUO L G5 / ULC / US / 400,Active
221,12002651R,Q.PEAK DUO L G5,395,CYB,U&C,CYB / Q.PEAK DUO L G5 / ULC / US / 395,Active
222,12002139R,Q.PLUS DUO L G5,365,CYB,U&C,CYB / Q.PLUS DUO L G5 / ULC / US / 365,Active
223,Q.PEAK DUO L G6 415,,415,,,,Active
224,Q.PEAK DUO L G6 420,,420,,,,Active
225,12002921R,Q.PEAK DUO L G5,390,CYB,U&C,CYB / Q.PEAK DUO L G5 / ULC / US / 390,Active
226,30359305R,Q.PEAK DUO BLK G5,320,JC,Residential,JC / Q.PEAK DUO BLK G5 / RES / US / 320,Active
227,30360218A,Q.PEAK DUO L G5,385,JC,U&C,JC / Q.PEAK DUO L G5 / ULC / US / 385,Active
228,30360218T,Q.PEAK DUO L G5,385,JC,U&C,JC / Q.PEAK DUO L G5 / ULC / US / 385,Active
229,30360355A,Q.PEAK DUO L G5,395,JC,U&C,JC / Q.PEAK DUO L G5 / ULC / US / 395,Active
230,30367555R,Q.PEAK DUO L G7,395,ES,U&C,ES / Q.PEAK DUO L G7 / ULC / US / 395,Active
231,30367556R,Q.PEAK DUO L G7,400,ES,U&C,ES / Q.PEAK DUO L G7 / ULC / US / 400,Active
232,30368017A,Q.PEAK DUO L G5 BF,380,ES,U&C,ES / Q.PEAK DUO L G5 BF / ULC / US / 380,Active
233,30368018A,Q.PEAK DUO L G5 BF,385,ES,U&C,ES / Q.PEAK DUO L G5 BF / ULC / US / 385,Active
234,30368019A,Q.PEAK DUO L G5 BF,390,ES,U&C,ES / Q.PEAK DUO L G5 BF / ULC / US / 390,Active
235,30368055A,Q.PEAK DUO L G5 BF,395,ES,U&C,ES / Q.PEAK DUO L G5 BF / ULC / US / 395,Active
236,30370007T,Q.PEAK DUO G6,330,JC,Residential,JC / Q.PEAK DUO G6 / RES / US / 330,Active
237,30370008T,Q.PEAK DUO G6,335,JC,Residential,JC / Q.PEAK DUO G6 / RES / US / 335,Active
238,30370010T,Q.PEAK DUO G6,345,JC,Residential,JC / Q.PEAK DUO G6 / RES / US / 345,Active
239,30375107A,Q.PEAK DUO BLK G6+,330,JC,Residential,JC / Q.PEAK DUO BLK G6+ / RES / US / 330,Active
240,30375108A,Q.PEAK DUO BLK G6+,335,JC,Residential,JC / Q.PEAK DUO BLK G6+ / RES / US / 335,Active
241,30375108R,Q.PEAK DUO BLK G6+,335,JC,Residential,JC / Q.PEAK DUO BLK G6+ / RES / US / 335,Active
242,44101132,Q.PLUS DUO L G5,360,GA,U&C,GA / Q.PLUS DUO L G5 / ULC / US / 360,Active
243,44101133,Q.PLUS DUO L G5,365,GA,U&C,GA / Q.PLUS DUO L G5 / ULC / US / 365,Active
244,44101532,Q.PLUS DUO L G5,360,GA,U&C,GA / Q.PLUS DUO L G5 / ULC / US / 360,Active
245,44103132,Q.PLUS DUO L G5,360,GA,U&C,GA / Q.PLUS DUO L G5 / ULC / US / 360,Active
246,44103133,Q.PLUS DUO L G5,365,GA,U&C,GA / Q.PLUS DUO L G5 / ULC / US / 365,Active
247,Q.PEAK DUO L G8 420,Q.PEAK DUO L G8,420,,,,Active
248,Q.PEAK DUO L G8 425,,425,,,,Active
249,Q.PLUS G4,Q.PEAK DUO L G8,420,,,,Active
250,30382759R,Q.PEAK DUO L G8,415,ES,U&C,ES / Q.PEAK DUO L G8 / ULC / US / 415,Active
251,30382859R,Q.PEAK DUO L G8,415,ES,U&C,ES / Q.PEAK DUO L G8 / ULC / US / 415,Active
252,30382860R,Q.PEAK DUO L G8,420,ES,U&C,ES / Q.PEAK DUO L G8 / ULC / US / 420,Active
253,Q.PEAK DUO L G8.3 BF2,Q.PEAK DUO L G8,400,,,,Active
254,Q.PEAK DUO L G8.3 BF2 400,,400,,,,Active
255,Q.PEAK DUO L G8.3 BF2 405,,405,,,,Active
256,Q.PEAK DUO L G8.3 BF2 410,,410,,,,Active
257,10018791,Q.PLUS L G4.2,325,CYB,U&C,CYB / Q.PLUS L G4.2 / ULC / US / 325,Active
258,30112509A,Q.PLUS L G4.2,340,ES,U&C,ES / Q.PLUS L G4.2 / ULC / US / 340,Active
259,30112510T,Q.PLUS L G4.2,345,ES,U&C,ES / Q.PLUS L G4.2 / ULC / US / 345,Active
260,30115212A,Q.PEAK L G4.2,355,ES,U&C,ES / Q.PEAK L G4.2 / ULC / US / 355,Active
261,30115213T,Q.PEAK L G4.2,360,ES,U&C,ES / Q.PEAK L G4.2 / ULC / US / 360,Active
262,30115215A,Q.PEAK L G4.2,370,ES,U&C,ES / Q.PEAK L G4.2 / ULC / US / 370,Active
263,30121828A,Q.PLUS G4.3,285,ES,Residential,ES / Q.PLUS G4.3 / RES / US / 285,Active
264,30124901A,Q.PEAK G4.1,300,ES,Residential,ES / Q.PEAK G4.1 / RES / US / 300,Active
265,30124902,Q.PEAK G4.1,305,ES,Residential,ES / Q.PEAK G4.1 / RES / US / 305,Active
266,30124902A,Q.PEAK G4.1,305,ES,Residential,ES / Q.PEAK G4.1 / RES / US / 305,Active
267,30140105T,Q.PEAK DUO G5,320,JC,Residential,JC / Q.PEAK DUO G5 / RES / US / 320,Active
268,30140106T,Q.PEAK DUO G5,325,JC,Residential,JC / Q.PEAK DUO G5 / RES / US / 325,Active
269,30341211A,Q.PLUS L G4.2,350,ES,U&C,ES / Q.PLUS L G4.2 / ULC / US / 350,Active
270,30355104T,Q.PEAK DUO BLK G5,315,JC,Residential,JC / Q.PEAK DUO BLK G5 / RES / US / 315,Active
271,30355202A,Q.PEAK DUO BLK G5,305,JC,Residential,JC / Q.PEAK DUO BLK G5 / RES / US / 305,Active
272,30360618T,Q.PEAK DUO L G5,385,JC,U&C,JC / Q.PEAK DUO L G5 / ULC / US / 385,Active
273,30361017A,Q.PEAK DUO L G5,380,JC,U&C,JC / Q.PEAK DUO L G5 / ULC / US / 380,Active
274,30361018A,Q.PEAK DUO L G5,385,JC,U&C,JC / Q.PEAK DUO L G5 / ULC / US / 385,Active
275,30361019A,Q.PEAK DUO L G5,390,JC,U&C,JC / Q.PEAK DUO L G5 / ULC / US / 390,Active
276,30361055A,Q.PEAK DUO L G5,395,JC,U&C,JC / Q.PEAK DUO L G5 / ULC / US / 395,Active
277,30361056A,Q.PEAK DUO L G5,400,JC,U&C,JC / Q.PEAK DUO L G5 / ULC / US / 400,Active
278,30361057A,Q.PEAK DUO L G5,405,JC,U&C,JC / Q.PEAK DUO L G5 / ULC / US / 405,Active
279,80101509,,,,,,Active
280,80201001,INVERTER,,,,,Active
281,80201002,INVERTER,,,,,Active
282,80201003,INVERTER,,,,,Active
283,80201004,INVERTER,,,,,Active
284,80201005,INVERTER,,,,,Active
285,80201006,INVERTER,,,,,Active
286,80201007,INVERTER,,,,,Active
287,80201008,INVERTER,,,,,Active
288,80201009,,,,,,Active
289,80201010,,,,,,Active
290,80201011,,,,,,Active
291,80201014,,,,,,Active
292,80201017,,,,,,Active
293,80201018,,,,,,Active
294,82102003,,,,,,Active
295,82102004,,,,,,Active
296,82102005,,,,,,Active
297,82102006,,,,,,Active
298,82102007,,,,,,Active
299,82102008,,,,,,Active
300,82102009,,,,,,Active
301,82102013,,,,,,Active
302,82102016,,,,,,Active
303,82102017,,,,,,Active
304,82102018,,,,,,Active
305,82102019,,,,,,Active
306,82102020,,,,,,Active
307,82102021,,,,,,Active
308,86104501,,,,,,Active
309,86104502,,,,,,Active
310,Q.PEAK DUO BLK G5,Q.PEAK DUO BLK G5,320,,,,Active
311,Q.PEAK DUO BLK G6,Q.PEAK DUO BLK G6+,340,,,,Active
312,Q.PEAK DUO G5,Q.PEAK DUO G5,330,,,,Active
313,Q.PEAK DUO L G5,,390,,,,Active
314,Q.PEAK DUO L G5.2,,385,,,,Active
315,Q.PEAK DUO L G5/BF,,390,,,,Active
316,Q.PLUS DUO L G5.2,,370,,,,Active
317,Q.PLUS L G4.2,Q.PLUS L G4.2,350,,,,Active
318,Q.PEAK DUO L G8.3 BF2 415,,415,,,,Active
319,30382959R,Q.PEAK DUO L G8,415,ES,U&C,ES / Q.PEAK DUO L G8 / ULC / US / 415,Active
320,43102140,Q.PEAK DUO L G5,400,GA,U&C,GA / Q.PEAK DUO L G5 / ULC / US / 400,Active
321,12002922R,Q.PEAK DUO L G5,385,CYB,U&C,CYB / Q.PEAK DUO L G5 / ULC / US / 385,Active
322,12001434R,Q.PLUS L G4.2,345,CYB,U&C,CYB / Q.PLUS L G4.2 / ULC / US / 345,Active
323,12003546R,Q.PLUS DUO L G5,365,CYB,U&C,CYB / Q.PLUS DUO L G5 / ULC / US / 365,Active
324,12002652R,Q.PEAK DUO L G5,390,CYB,U&C,CYB / Q.PEAK DUO L G5 / ULC / US / 390,Active
325,30382960R,Q.PEAK DUO L G8,420,ES,U&C,ES / Q.PEAK DUO L G8 / ULC / US / 420,Active
326,30383059R,Q.PEAK DUO L G8,415,ES,U&C,ES / Q.PEAK DUO L G8 / ULC / US / 415,Active
327,30383060R,Q.PEAK DUO L G8,420,ES,U&C,ES / Q.PEAK DUO L G8 / ULC / US / 420,Active
328,30375209R,Q.PEAK DUO BLK G6+,340,JC,Residential,JC / Q.PEAK DUO BLK G6+ / RES / US / 340,Active
329,30375208R,Q.PEAK DUO BLK G6+,335,JC,Residential,JC / Q.PEAK DUO BLK G6+ / RES / US / 335,Active
330,30375308R,Q.PEAK DUO BLK G6+/SC,335,JC,Residential,JC / Q.PEAK DUO BLK G6+/SC / RES / US / 335,Active
331,46203128,Q.PEAK DUO BLK G6+/AC,340,GA,Residential,GA / Q.PEAK DUO BLK G6+/AC / RES / US / 340,Active
332,30350206R,Q.PEAK DUO G5,325,JC,Residential,JC / Q.PEAK DUO G5 / RES / US / 325,Active
333,Q.PEAK DUO XL-G9.2 440,,440,,,,Active
334,Q.PEAK DUO XL-G9.2 445,,445,,,,Active
335,Q.PEAK DUO XL-G9.2 450,,450,,,,Active
336,Q.PEAK DUO XL-G9.2 455,,455,,,,Active
337,Q.PEAK DUO XL-G9.2 460,,460,,,,Active
338,Q.PEAK DUO XL-G9.3 440,,440,,,,Active
339,Q.PEAK DUO XL-G9.3 445,,445,,,,Active
340,Q.PEAK DUO XL-G9.3 450,,450,,,,Active
341,Q.PEAK DUO XL-G9.3 455,,455,,,,Active
342,Q.PEAK DUO XL-G9.3 460,,460,,,,Active
343,Q.PEAK DUO L G8P.3 BFG 420,,420,,,,Active
344,Q.PEAK DUO L G8P.3 BGT 415,,415,,,,Active
345,30368357,Q.PEAK DUO L G8 BGT,405,ES,U&C,ES / Q.PEAK DUO L G8 BGT / ULC / US / 405,Active
346,30368159,Q.PEAK DUO L G8 BFG,415,ES,U&C,ES / Q.PEAK DUO L G8 BFG / ULC / US / 415,Active
347,30368358,Q.PEAK DUO L G8 BGT,410,ES,U&C,ES / Q.PEAK DUO L G8 BGT / ULC / US / 410,Active
348,30368356,,405,,,,Active
349,30361756R,Q.PEAK DUO L G5,400,JC,U&C,JC / Q.PEAK DUO L G5 / ULC / US / 400,Active
350,30361757R,Q.PEAK DUO L G5,405,JC,U&C,JC / Q.PEAK DUO L G5 / ULC / US / 405,Active
351,30380659R,Q.PEAK DUO L G6,415,JC,U&C,JC / Q.PEAK DUO L G6 / ULC / US / 415,Active
352,30380660R,Q.PEAK DUO L G6,420,JC,U&C,JC / Q.PEAK DUO L G6 / ULC / US / 420,Active
353,46204130,Q.PEAK DUO G6+,350,GA,Residential,GA / Q.PEAK DUO G6+ / RES / US / 350,Active
354,30359306R,Q.PEAK DUO BLK G5,325,JC,Residential,JC / Q.PEAK DUO BLK G5 / RES / US / 325,Active
355,30361457R,Q.PEAK DUO L G5,405,JC,U&C,JC / Q.PEAK DUO L G5 / ULC / US / 405,Active
356,Q.PEAK DUO XL G9.3 BF 450,,450,,,,Active
357,Q.PEAK DUO XL G9.3 BF 455,,455,,,,Active
358,Q.PEAK DUO XL G9.3 BF 460,,460,,,,Active
359,30350205R,Q.PEAK DUO G5,320,JC,Residential,JC / Q.PEAK DUO G5 / RES / US / 320,Active
360,30375408R,Q.PEAK DUO BLK G6+,335,JC,Residential,JC / Q.PEAK DUO BLK G6+ / RES / US / 335,Active
361,30375409R,Q.PEAK DUO BLK G6+,340,JC,Residential,JC / Q.PEAK DUO BLK G6+ / RES / US / 340,Active
362,SRWEIH1016001-U000,Q.HOME+ HYB-G1 6.0,,,,,Active
363,SRWEIH1017001-U000,Q.HOME+ HYB-G1 7.0,,,,,Active
364,SRWEIH1017601-U000,Q.HOME+ HYB-G1 7.6,,,,,Active
365,SRWEIA1016001-U000,Q.HOME+ AC-G1 6.0,,,,,Active
366,SRWEIH1018601-U000,Q.HOME+ HYB-G1 8.6,,,,,Active
367,SRWEIA1017001-U000,Q.HOME+ AC-G1 7.0,,,,,Active
368,SRWEIA1017601-U000,Q.HOME+ AC-G1 7.6,,,,,Active
369,HQCAESS1102,Q.HOME+ HYB ESS-G1 6.0/6.3,,,,,Active
370,HQCAESS1103,Q.HOME+ HYB ESS-G1 6.0/9.0,,,,,Active
371,HQCAESS1104,Q.HOME+ HYB ESS-G1 6.0/12.6,,,,,Active
372,HQCAESS1105,Q.HOME+ HYB ESS-G1 6.0/13.5,,,,,Active
373,HQCAESS1106,Q.HOME+ HYB ESS-G1 6.0/18.9,,,,,Active
374,HQCAESS1107,Q.HOME+ HYB ESS-G1 7.0/4.5,,,,,Active
375,HQCAESS1108,Q.HOME+ HYB ESS-G1 7.0/6.3,,,,,Active
376,HQCAESS1109,Q.HOME+ HYB ESS-G1 7.0/9.0,,,,,Active
377,HQCAESS1110,Q.HOME+ HYB ESS-G1 7.0/12.6,,,,,Active
378,HQCAESS1111,Q.HOME+ HYB ESS-G1 7.0/13.5,,,,,Active
379,HQCAESS1112,Q.HOME+ HYB ESS-G1 7.0/18.9,,,,,Active
380,HQCAESS1113,Q.HOME+ HYB ESS-G1 7.6/4.5,,,,,Active
381,HQCAESS1114,Q.HOME+ HYB ESS-G1 7.6/6.3,,,,,Active
382,HQCAESS1115,Q.HOME+ HYB ESS-G1 7.6/9.0,,,,,Active
383,HQCAESS1116,Q.HOME+ HYB ESS-G1 7.6/12.6,,,,,Active
384,HQCAESS1117,Q.HOME+ HYB ESS-G1 7.6/13.5,,,,,Active
385,HQCAESS1209,Q.HOME+ AC ESS-G1 7.0/9.0,,,,,Active
386,HQCAESS1210,Q.HOME+ AC ESS-G1 7.0/12.6,,,,,Active
387,HQCAESS1211,Q.HOME+ AC ESS-G1 7.0/13.5,,,,,Active
388,HQCAESS1212,Q.HOME+ AC ESS-G1 7.0/18.9,,,,,Active
389,HQCAESS1213,Q.HOME+ AC ESS-G1 7.6/4.5,,,,,Active
390,HQCAESS1214,Q.HOME+ AC ESS-G1 7.6/6.3,,,,,Active
391,HQCAESS1215,Q.HOME+ AC ESS-G1 7.6/9.0,,,,,Active
392,HQCAESS1216,Q.HOME+ AC ESS-G1 7.6/12.6,,,,,Active
393,HQCAESS1217,Q.HOME+ AC ESS-G1 7.6/13.5,,,,,Active
394,HQCAESS1218,Q.HOME+ AC ESS-G1 7.6/18.9,,,,,Active
395,HQCAESS1219,Q.HOME+ AC ESS-G1 8.6/4.5,,,,,Active
396,HQCAESS1220,Q.HOME+ AC ESS-G1 8.6/6.3,,,,,Active
397,HQCAESS1221,Q.HOME+ AC ESS-G1 8.6/9.0,,,,,Active
398,HQCAESS1222,Q.HOME+ AC ESS-G1 8.6/12.6,,,,,Active
399,HQCAESS1223,Q.HOME+ AC ESS-G1 8.6/13.5,,,,,Active
400,HQCAESS1224,Q.HOME+ AC ESS-G1 8.6/18.9,,,,,Active
401,43104140,Q.PEAK DUO L G5,400,GA,U&C,GA / Q.PEAK DUO L G5 / ULC / US / 400,Active
402,46104144,Q.PEAK DUO L G6,420,GA,U&C,GA / Q.PEAK DUO L G6 / ULC / US / 420,Active
403,46101145,Q.PEAK DUO L G6,425,GA,U&C,GA / Q.PEAK DUO L G6 / ULC / US / 425,Active
404,46104145,Q.PEAK DUO L G6,425,GA,U&C,GA / Q.PEAK DUO L G6 / ULC / US / 425,Active
405,46104544,Q.PEAK DUO L G6,420,GA,U&C,GA / Q.PEAK DUO L G6 / ULC / US / 420,Active
406,46104545,Q.PEAK DUO L G6,425,GA,U&C,GA / Q.PEAK DUO L G6 / ULC / US / 425,Active
407,30380661R,Q.PEAK DUO L G6,425,JC,U&C,JC / Q.PEAK DUO L G6 / ULC / US / 425,Active
408,30368360,Q.PEAK DUO L G8 BGT,420,ES,U&C,ES / Q.PEAK DUO L G8 BGT / ULC / US / 420,Active
409,30380761R,Q.PEAK DUO L G6,425,JC,U&C,JC / Q.PEAK DUO L G6 / ULC / US / 425,Active
410,30375508R,Q.PEAK DUO BLK G6+,335,JC,Residential,JC / Q.PEAK DUO BLK G6+ / RES / US / 335,Active
411,30370710R,Q.PEAK DUO G6+,345,JC,Residential,JC / Q.PEAK DUO G6+ / RES / US / 345,Active
412,30370711R,Q.PEAK DUO G6+,350,JC,Residential,JC / Q.PEAK DUO G6+ / RES / US / 350,Active
413,Q.PEAK DUO L G8.3/BFG 430,,430,,,,Active
414,43107140,Q.PEAK DUO L G5,400,GA,U&C,GA / Q.PEAK DUO L G5 / ULC / US / 400,Active
415,30375708R,Q.PEAK DUO BLK G6+,335,JC,Residential,JC / Q.PEAK DUO BLK G6+ / RES / US / 335,Active
416,30375709R,Q.PEAK DUO BLK G6+,340,JC,Residential,JC / Q.PEAK DUO BLK G6+ / RES / US / 340,Active
417,30380662R,Q.PEAK DUO L G6,430,JC,U&C,JC / Q.PEAK DUO L G6 / ULC / US / 430,Active
418,47102140,Q.PEAK DUO L G5,400,GA,U&C,GA / Q.PEAK DUO L G5 / ULC / US / 400,Active
419,47203124,Q.PEAK DUO BLK G5,320,GA,Residential,GA / Q.PEAK DUO BLK G5 / RES / US / 320,Active
420,30367658R,Q.PEAK DUO L G7,410,ES,U&C,ES / Q.PEAK DUO L G7 / ULC / US / 410,Active
421,12002972R,Q.PEAK DUO L G5,395,CYB,U&C,CYB / Q.PEAK DUO L G5 / ULC / US / 395,Active
422,12002973R,Q.PEAK DUO L G5,400,CYB,U&C,CYB / Q.PEAK DUO L G5 / ULC / US / 400,Active
423,12004273R,Q.PEAK DUO L G7,405,CYB,U&C,CYB / Q.PEAK DUO L G7 / ULC / US / 405,Active
424,12004082R,Q.PEAK DUO L G7,395,CYB,U&C,CYB / Q.PEAK DUO L G7 / ULC / US / 395,Active
425,12004236R,Q.PEAK DUO L G8,420,CYB,U&C,CYB / Q.PEAK DUO L G8 / ULC / US / 420,Active
426,12004237R,Q.PEAK DUO L G8,415,CYB,U&C,CYB / Q.PEAK DUO L G8 / ULC / US / 415,Active
427,12004274R,Q.PEAK DUO L G7,400,CYB,U&C,CYB / Q.PEAK DUO L G7 / ULC / US / 400,Active
428,12004275R,Q.PEAK DUO L G7,395,CYB,U&C,CYB / Q.PEAK DUO L G7 / ULC / US / 395,Active
429,47204126,Q.PEAK DUO G5,330,GA,Residential,GA / Q.PEAK DUO G5 / RES / US / 330,Active
430,30368158R,Q.PEAK DUO L G8 BFG,410,ES,U&C,ES / Q.PEAK DUO L G8 BFG / ULC / US / 410,Active
431,30368161R,Q.PEAK DUO L G8 BFG,425,ES,U&C,ES / Q.PEAK DUO L G8 BFG / ULC / US / 425,Active
432,30383259R,Q.PEAK DUO L G8,415,ES,U&C,ES / Q.PEAK DUO L G8 / ULC / US / 415,Active
433,30383360R,Q.PEAK DUO L G8,420,ES,U&C,ES / Q.PEAK DUO L G8 / ULC / US / 420,Active
434,30375307R,Q.PEAK DUO BLK G6+/SC,330,JC,Residential,JC / Q.PEAK DUO BLK G6+/SC / RES / US / 330,Active
435,30375311R,Q.PEAK DUO BLK G6+/SC,350,JC,Residential,JC / Q.PEAK DUO BLK G6+/SC / RES / US / 350,Active
436,30375809R,Q.PEAK DUO BLK G6+/TS,340,JC,Residential,JC / Q.PEAK DUO BLK G6+/TS / RES / US / 340,Active
437,47204125,Q.PEAK DUO G5,325,GA,Residential,GA / Q.PEAK DUO G5 / RES / US / 325,Active
438,43104141,Q.PEAK DUO L G5,405,GA,U&C,GA / Q.PEAK DUO L G5 / ULC / US / 405,Active
439,43208126R,Q.PEAK DUO G5,330,GA,Residential,GA / Q.PEAK DUO G5 / RES / US / 330,Active
440,Q.PEAK DUO XL G10.3 BFG 485,,385,,,,Active
441,Q.PEAK DUO XL G10.3 BFG 490,,490,,,,Active
442,Q.PEAK DUO XL G10.3 BFG 495,,495,,,,Active
443,30381260,Q.PEAK DUO L G6 BFG,420,JC,U&C,JC / Q.PEAK DUO L G6 BFG / ULC / US / 420,Active
444,43105140,Q.PEAK DUO L G5,400,GA,U&C,GA / Q.PEAK DUO L G5 / ULC / US / 400,Active
445,30375909R,Q.PEAK DUO BLK G6+,340,JC,Residential,JC / Q.PEAK DUO BLK G6+ / RES / US / 340,Active
446,30375908R,Q.PEAK DUO BLK G6+,335,JC,Residential,JC / Q.PEAK DUO BLK G6+ / RES / US / 335,Active
447,30370810R,Q.PEAK DUO G6+,345,JC,Residential,JC / Q.PEAK DUO G6+ / RES / US / 345,Active
448,12002138A,Q.PLUS DUO L G5,370,CYB,U&C,CYB / Q.PLUS DUO L G5 / ULC / US / 370,Active
449,12002139A,Q.PLUS DUO L G5,365,CYB,U&C,CYB / Q.PLUS DUO L G5 / ULC / US / 365,Active
450,12002140A,Q.PLUS DUO L G5,360,CYB,U&C,CYB / Q.PLUS DUO L G5 / ULC / US / 360,Active
451,12002141A,Q.PLUS DUO L G5,355,CYB,U&C,CYB / Q.PLUS DUO L G5 / ULC / US / 355,Active
452,12002196A,Q.PLUS DUO L G5,365,CYB,U&C,CYB / Q.PLUS DUO L G5 / ULC / US / 365,Active
453,12002197A,Q.PLUS DUO L G5,360,CYB,U&C,CYB / Q.PLUS DUO L G5 / ULC / US / 360,Active
454,12002198A,Q.PLUS DUO L G5,355,CYB,U&C,CYB / Q.PLUS DUO L G5 / ULC / US / 355,Active
455,12002483A,Q.PEAK DUO G7,330,CYB,Residential,CYB / Q.PEAK DUO G7 / RES / US / 330,Active
456,12002483R,Q.PEAK DUO G7,330,CYB,Residential,CYB / Q.PEAK DUO G7 / RES / US / 330,Active
457,12002484A,Q.PEAK DUO G7,325,CYB,Residential,CYB / Q.PEAK DUO G7 / RES / US / 325,Active
458,12002484R,Q.PEAK DUO G7,325,CYB,Residential,CYB / Q.PEAK DUO G7 / RES / US / 325,Active
459,3035604A,Q.PEAK DUO BLK G5,315,JC,Residential,JC / Q.PEAK DUO BLK G5 / RES / US / 315,Active
460,3035604R,Q.PEAK DUO BLK G5,315,JC,Residential,JC / Q.PEAK DUO BLK G5 / RES / US / 315,Active
461,3035605A,Q.PEAK DUO BLK G5,320,JC,Residential,JC / Q.PEAK DUO BLK G5 / RES / US / 320,Active
462,3035605R,Q.PEAK DUO BLK G5,320,JC,Residential,JC / Q.PEAK DUO BLK G5 / RES / US / 320,Active
463,30356104R,Q.PEAK DUO BLK G5,315,JC,Residential,JC / Q.PEAK DUO BLK G5 / RES / US / 315,Active
464,30356105R,Q.PEAK DUO BLK G5,320,JC,Residential,JC / Q.PEAK DUO BLK G5 / RES / US / 320,Active
465,30359103A,Q.PEAK DUO BLK G5,310,JC,Residential,JC / Q.PEAK DUO BLK G5 / RES / US / 310,Active
466,41102138,Q.PEAK DUO L G5,390,GA,U&C,GA / Q.PEAK DUO L G5 / ULC / US / 390,Active
467,41102139,Q.PEAK DUO L G5,395,GA,U&C,GA / Q.PEAK DUO L G5 / ULC / US / 395,Active
468,41201122,Q.PEAK DUO BLK G5,310,GA,Residential,GA / Q.PEAK DUO BLK G5 / RES / US / 310,Active
469,41201123,Q.PEAK DUO BLK G5,315,GA,Residential,GA / Q.PEAK DUO BLK G5 / RES / US / 315,Active
470,41201124,Q.PEAK DUO BLK G5,320,GA,Residential,GA / Q.PEAK DUO BLK G5 / RES / US / 320,Active
471,41202122,Q.PEAK DUO BLK G5,310,GA,Residential,GA / Q.PEAK DUO BLK G5 / RES / US / 310,Active
472,41202123,Q.PEAK DUO BLK G5,315,GA,Residential,GA / Q.PEAK DUO BLK G5 / RES / US / 315,Active
473,41202124,Q.PEAK DUO BLK G5,320,GA,Residential,GA / Q.PEAK DUO BLK G5 / RES / US / 320,Active
474,43101137,Q.PEAK DUO L G5,385,GA,U&C,GA / Q.PEAK DUO L G5 / ULC / US / 385,Active
475,43101138,Q.PEAK DUO L G5,390,GA,U&C,GA / Q.PEAK DUO L G5 / ULC / US / 390,Active
476,43101139,Q.PEAK DUO L G5,395,GA,U&C,GA / Q.PEAK DUO L G5 / ULC / US / 395,Active
477,43101140,Q.PEAK DUO L G5,400,GA,U&C,GA / Q.PEAK DUO L G5 / ULC / US / 400,Active
478,30375309R,Q.PEAK DUO BLK G6+/SC,340,JC,Residential,JC / Q.PEAK DUO BLK G6+/SC / RES / US / 340,Active
479,30367656R,Q.PEAK DUO L G7,400,ES,U&C,ES / Q.PEAK DUO L G7 / ULC / US / 400,Active
480,30359303R,Q.PEAK DUO BLK G5,310,JC,Residential,JC / Q.PEAK DUO BLK G5 / RES / US / 310,Active
481,30359203R,Q.PEAK DUO BLK G5/SC,310,JC,Residential,JC / Q.PEAK DUO BLK G5/SC / RES / US / 310,Active
482,43205123,Q.PEAK DUO BLK G5,315,GA,Residential,GA / Q.PEAK DUO BLK G5 / RES / US / 315,Active
483,43205124,Q.PEAK DUO BLK G5,320,GA,Residential,GA / Q.PEAK DUO BLK G5 / RES / US / 320,Active
484,45201128,Q.PEAK DUO BLK G6+,340,GA,Residential,GA / Q.PEAK DUO BLK G6+ / RES / US / 340,Active
485,30361555R,Q.PEAK DUO L G5,395,JC,U&C,JC / Q.PEAK DUO L G5 / ULC / US / 395,Active
486,30361556R,Q.PEAK DUO L G5,400,JC,U&C,JC / Q.PEAK DUO L G5 / ULC / US / 400,Active
487,45201127,Q.PEAK DUO BLK G6+,335,GA,Residential,GA / Q.PEAK DUO BLK G6+ / RES / US / 335,Active
488,12002679R,Q.PEAK DUO L G7,400,CYB,U&C,CYB / Q.PEAK DUO L G7 / ULC / US / 400,Active
489,12002680R,Q.PEAK DUO L G7,395,CYB,U&C,CYB / Q.PEAK DUO L G7 / ULC / US / 395,Active
490,12004284R,Q.PEAK DUO L G7,400,CYB,U&C,CYB / Q.PEAK DUO L G7 / ULC / US / 400,Active
491,12004283R,Q.PEAK DUO L G7,405,CYB,U&C,CYB / Q.PEAK DUO L G7 / ULC / US / 405,Active
492,45201126,Q.PEAK DUO BLK G6+,330,GA,Residential,GA / Q.PEAK DUO BLK G6+ / RES / US / 330,Active
493,30368257R,Q.PEAK DUO L G8 BGT,405,ES,U&C,ES / Q.PEAK DUO L G8 BGT / ULC / US / 405,Active
494,30368357R,Q.PEAK DUO L G8 BGT,405,ES,U&C,ES / Q.PEAK DUO L G8 BGT / ULC / US / 405,Active
495,30370610,Q.PEAK DUO G6+,345,JC,Residential,JC / Q.PEAK DUO G6+ / RES / US / 345,Active
496,45201125,Q.PEAK DUO BLK G6+,325,GA,Residential,GA / Q.PEAK DUO BLK G6+ / RES / US / 325,Active
497,46202127,Q.PEAK DUO BLK G6+,335,GA,Residential,GA / Q.PEAK DUO BLK G6+ / RES / US / 335,Active
498,12004285R,Q.PEAK DUO L G7,395,CYB,U&C,CYB / Q.PEAK DUO L G7 / ULC / US / 395,Active
499,46105143,Q.PEAK DUO L G6,415,GA,U&C,GA / Q.PEAK DUO L G6 / ULC / US / 415,Active
500,43106140,Q.PEAK DUO L G5,400,GA,U&C,GA / Q.PEAK DUO L G5 / ULC / US / 400,Active
501,43106540,Q.PEAK DUO L G5,400,GA,U&C,GA / Q.PEAK DUO L G5 / ULC / US / 400,Active
502,Q.PEAK DUO G8+ 345,Q.PEAK DUO G8+,345,,,,Active
503,Q.PEAK DUO G8+ 350,Q.PEAK DUO G8+,350,,,,Active
504,Q.PEAK DUO G8+ 355,Q.PEAK DUO G8+,355,,,,Active
505,12004244R,Q.PEAK DUO L G8,435,CYB,U&C,CYB / Q.PEAK DUO L G8 / ULC / US / 435,Active
506,30368257,Q.PEAK DUO L G8 BGT,405,ES,U&C,ES / Q.PEAK DUO L G8 BGT / ULC / US / 405,Active
507,43107540,Q.PEAK DUO L G5,400,GA,U&C,GA / Q.PEAK DUO L G5 / ULC / US / 400,Active
508,46205130,Q.PEAK DUO G6+,350,GA,Residential,GA / Q.PEAK DUO G6+ / RES / US / 350,Active
509,47103140,Q.PEAK DUO L G5,400,GA,U&C,GA / Q.PEAK DUO L G5 / ULC / US / 400,Active
510,43106139,Q.PEAK DUO L G5,395,GA,U&C,GA / Q.PEAK DUO L G5 / ULC / US / 395,Active
511,43207524,Q.PEAK DUO BLK G5,320,GA,Residential,GA / Q.PEAK DUO BLK G5 / RES / US / 320,Active
512,46105144,Q.PEAK DUO L G6,420,GA,U&C,GA / Q.PEAK DUO L G6 / ULC / US / 420,Active
513,30381258R,Q.PEAK DUO L G6 BFG,415,JC,U&C,JC / Q.PEAK DUO L G6 BFG / ULC / US / 415,Active
514,46104546,Q.PEAK DUO L G6,430,GA,U&C,GA / Q.PEAK DUO L G6 / ULC / US / 430,Active
515,12004928F,Q.PEAK DUO L G7,400,CYB,U&C,CYB / Q.PEAK DUO L G7 / ULC / US / 400,Active
516,12002679F,Q.PEAK DUO L G7,400,CYB,U&C,CYB / Q.PEAK DUO L G7 / ULC / US / 400,Active
517,12004246F,Q.PEAK DUO L G8,425,CYB,U&C,CYB / Q.PEAK DUO L G8 / ULC / US / 425,Active
518,12004245F,Q.PEAK DUO L G8,430,CYB,U&C,CYB / Q.PEAK DUO L G8 / ULC / US / 430,Active
519,30370911F,Q.PEAK DUO G6+,350,JC,Residential,JC / Q.PEAK DUO G6+ / RES / US / 350,Active
520,30370910F,Q.PEAK DUO G6+,345,JC,Residential,JC / Q.PEAK DUO G6+ / RES / US / 345,Active
521,30376108F,Q.PEAK DUO BLK G8+,335,ES,Residential,ES / Q.PEAK DUO BLK G8+ / RES / US / 335,Active
522,30376109F,Q.PEAK DUO BLK G8+,340,ES,Residential,ES / Q.PEAK DUO BLK G8+ / RES / US / 340,Active
523,30368619F,Q.PEAK DUO ML G9+,390,ES,Residential,ES / Q.PEAK DUO ML G9+ / RES / US / 390,Active
524,43207125,Q.PEAK DUO BLK G5,325,GA,Residential,GA / Q.PEAK DUO BLK G5 / RES / US / 325,Active
525,46207128,Q.PEAK DUO BLK G6+/AC,340,GA,Residential,GA / Q.PEAK DUO BLK G6+/AC / RES / US / 340,Active
526,43211124,Q.PEAK DUO BLK G5,320,GA,Residential,GA / Q.PEAK DUO BLK G5 / RES / US / 320,Active
527,Q.PEAK DUO BLK ML G9+ 365,Q.PEAK DUO BLK ML G9+,365,,,,Active
528,Q.PEAK DUO BLK ML G9+ 370,Q.PEAK DUO BLK ML G9+,370,,,,Active
529,Q.PEAK DUO BLK ML G9+ 385,Q.PEAK DUO BLK ML G9+,385,,,,Active
530,12005040F+,Q.PEAK DUO G8+,355,CYB,Residential,CYB / Q.PEAK DUO G8+ / RES / US / 355,Active
531,12005041F+,Q.PEAK DUO G8+,350,CYB,Residential,CYB / Q.PEAK DUO G8+ / RES / US / 350,Active
532,Q.PEAK DUO BLK ML G9+ 375,Q.PEAK DUO BLK ML G9+,375,,,,Active
533,Q.PEAK DUO BLK ML G9+ 380,Q.PEAK DUO BLK ML G9+,380,,,,Active
534,43210126,Q.PEAK DUO G5,330,GA,Residential,GA / Q.PEAK DUO G5 / RES / US / 330,Active
535,30376110F,Q.PEAK DUO BLK G8+,345,ES,Residential,ES / Q.PEAK DUO BLK G8+ / RES / US / 345,Active
536,43211524,Q.PEAK DUO BLK G5,320,GA,Residential,GA / Q.PEAK DUO BLK G5 / RES / US / 320,Active
537,43215123,Q.PEAK DUO BLK G5,315,GA,Residential,GA / Q.PEAK DUO BLK G5 / RES / US / 315,Active
538,43215126,Q.PEAK DUO BLK G5,330,GA,Residential,GA / Q.PEAK DUO BLK G5 / RES / US / 330,Active
539,43215127,Q.PEAK DUO BLK G5,335,GA,Residential,GA / Q.PEAK DUO BLK G5 / RES / US / 335,Active
540,12004285F,Q.PEAK DUO L G7,395,CYB,U&C,CYB / Q.PEAK DUO L G7 / ULC / US / 395,Active
541,43209123,Q.PEAK DUO BLK G5,315,GA,Residential,GA / Q.PEAK DUO BLK G5 / RES / US / 315,Active
542,SRCBMSPDG0001-U000,Pocket LAN for A1 Series Inverters,,,,,Active
543,30396066F,Q.PEAK DUO XL G9 BFG,450,ES,U&C,ES / Q.PEAK DUO XL G9 BFG / ULC / US / 450,Active
544,30396067F,Q.PEAK DUO XL G9 BFG,455,ES,U&C,ES / Q.PEAK DUO XL G9 BFG / ULC / US / 455,Active
545,30355103F,Q.PEAK DUO BLK G5,310,JC,Residential,JC / Q.PEAK DUO BLK G5 / RES / US / 310,Active
546,46209128,Q.PEAK DUO BLK G6+/AC,340,GA,Residential,GA / Q.PEAK DUO BLK G6+/AC / RES / US / 340,Active
547,46208128,Q.PEAK DUO BLK G6+,340,GA,Residential,GA / Q.PEAK DUO BLK G6+ / RES / US / 340,Active
548,46208528,Q.PEAK DUO BLK G6+,340,GA,Residential,GA / Q.PEAK DUO BLK G6+ / RES / US / 340,Active
549,30384058F,Q.PEAK DUO L G6 BGT,410,JC,U&C,JC / Q.PEAK DUO L G6 BGT / ULC / US / 410,Active
550,46105145,Q.PEAK DUO L G6,425,GA,U&C,GA / Q.PEAK DUO L G6 / ULC / US / 425,Active
551,30368817F,Q.PEAK DUO BLK ML G9+,380,ES,Residential,ES / Q.PEAK DUO BLK ML G9+ / RES / US / 380,Active
552,30396566F,Q.PEAK DUO XL G9 BFG,450,ES,U&C,ES / Q.PEAK DUO XL G9 BFG / ULC / US / 450,Active
553,30396567F,Q.PEAK DUO XL G9 BFG,455,ES,U&C,ES / Q.PEAK DUO XL G9 BFG / ULC / US / 455,Active
554,BRCCABL013MCB-U000,3M Power & Comm Cable,,,,,Active
555,BWCACCBBASCAB-U00R,,,,,,Active
556,SRWBPN101R002-U00R,,,,,,Active
557,SRWEIH101Z002-U00R,,,,,,Active
558,BWCATSM1P0002-U00R,,,,,,Active
559,BWCENME1P0002-U00R,,,,,,Active
560,SRWEIH101LCD1-U00R,,,,,,Active
561,BWCENME1P0003-U00R,,,,,,Active
562,BWCCABL1P0001-U00R,,,,,,Active
563,BWCTDIS1P0001-U00R,,,,,,Active
564,BWCCABL1P0002-U00R,,,,,,Active
565,BWCTDISDG0001-U00R,,,,,,Active
566,BWMSTAN1P0001-U00R,,,,,,Active
567,30396955F,Q.PEAK DUO BLK ML G10.a+,395,JC,Residential,JC / Q.PEAK DUO BLK ML G10.a+ / RES / US / 395,Active
568,30396956F,Q.PEAK DUO BLK ML G10.a+,400,JC,Residential,JC / Q.PEAK DUO BLK ML G10.a+ / RES / US / 400,Active
569,30376408F,Q.PEAK DUO BLK G8+,335,ES,Residential,ES / Q.PEAK DUO BLK G8+ / RES / US / 335,Active
570,30376409F,Q.PEAK DUO BLK G8+,340,ES,Residential,ES / Q.PEAK DUO BLK G8+ / RES / US / 340,Active
571,30375810F,Q.PEAK DUO BLK G6+/TS,345,JC,Residential,JC / Q.PEAK DUO BLK G6+/TS / RES / US / 345,Active
572,46104143,Q.PEAK DUO L G6,415,GA,U&C,GA / Q.PEAK DUO L G6 / ULC / US / 415,Active
573,30375108F,Q.PEAK DUO BLK G6+,335,JC,Residential,JC / Q.PEAK DUO BLK G6+ / RES / US / 335,Active
574,30375508F,Q.PEAK DUO BLK G6+,335,JC,Residential,JC / Q.PEAK DUO BLK G6+ / RES / US / 335,Active
575,30375309F,Q.PEAK DUO BLK G6+/SC,340,JC,Residential,JC / Q.PEAK DUO BLK G6+/SC / RES / US / 340,Active
576,30375908F,Q.PEAK DUO BLK G6+,335,JC,Residential,JC / Q.PEAK DUO BLK G6+ / RES / US / 335,Active
577,30380659F,Q.PEAK DUO L G6,415,JC,U&C,JC / Q.PEAK DUO L G6 / ULC / US / 415,Active
578,30380660F,Q.PEAK DUO L G6,420,JC,U&C,JC / Q.PEAK DUO L G6 / ULC / US / 420,Active
579,30380661F,Q.PEAK DUO L G6,425,JC,U&C,JC / Q.PEAK DUO L G6 / ULC / US / 425,Active
580,30380662F,Q.PEAK DUO L G6,430,JC,U&C,JC / Q.PEAK DUO L G6 / ULC / US / 430,Active
581,30370710F,Q.PEAK DUO G6+,345,JC,Residential,JC / Q.PEAK DUO G6+ / RES / US / 345,Active
582,30370711F,Q.PEAK DUO G6+,350,JC,Residential,JC / Q.PEAK DUO G6+ / RES / US / 350,Active
583,30380760F,Q.PEAK DUO L G6,420,JC,U&C,JC / Q.PEAK DUO L G6 / ULC / US / 420,Active
584,30380761F,Q.PEAK DUO L G6,425,JC,U&C,JC / Q.PEAK DUO L G6 / ULC / US / 425,Active
585,30397271F,Q.PEAK DUO XL G10 BFG,475,ES,U&C,ES / Q.PEAK DUO XL G10 BFG / ULC / US / 475,Active
586,30397270F,Q.PEAK DUO XL G10 BFG,470,ES,U&C,ES / Q.PEAK DUO XL G10 BFG / ULC / US / 470,Active
587,30376508F,Q.PEAK DUO BLK G6+/TS,335,JC,Residential,JC / Q.PEAK DUO BLK G6+/TS / RES / US / 335,Active
588,30376509F,Q.PEAK DUO BLK G6+/TS,340,JC,Residential,JC / Q.PEAK DUO BLK G6+/TS / RES / US / 340,Active
589,30397371F,Q.PEAK DUO XL G10,475,JC,U&C,JC / Q.PEAK DUO XL G10 / ULC / US / 475,Active
590,30397372F,Q.PEAK DUO XL G10,480,JC,U&C,JC / Q.PEAK DUO XL G10 / ULC / US / 480,Active
591,30396568F,Q.PEAK DUO XL G9 BFG,460,ES,U&C,ES / Q.PEAK DUO XL G9 BFG / ULC / US / 460,Active
592,SRWEIH1017601-U00R,RMA Q.HOME+ HYB-G1 7.6,,,,,Active
593,SRWEIH1018601-U00R,RMA Q.HOME+ HYB-G1 8.6,,,,,Active
594,SRWBPN1016301-U00R,RMA BAT63,,,,,Active
595,SRWBPN1014501-U00R,RMA BAT45,,,,,Active
596,BWCBMSPMS0001-U00R,RMA BAT BMS-G1,,,,,Active
597,BWCENME1P0001-U00R,RMA Meter,,,,,Active
598,BWCATSM1P0001-U00R,RMA Q.HOME+ TX-8.6,,,,,Active
599,43208128,Q.PEAK DUO G5,340,GA,Residential,GA / Q.PEAK DUO G5 / RES / US / 340,Active
600,43210127,Q.PEAK DUO G5,335,GA,Residential,GA / Q.PEAK DUO G5 / RES / US / 335,Active
601,43210128,Q.PEAK DUO G5,340,GA,Residential,GA / Q.PEAK DUO G5 / RES / US / 340,Active
602,46207127,Q.PEAK DUO BLK G6+/AC,335,GA,Residential,GA / Q.PEAK DUO BLK G6+/AC / RES / US / 335,Active
603,BWCWLSSDG0001-U00R,RMA Wifi module,,,,,Active
604,BWCACCBBAMCAB-U00R,,,,,,Active
605,3035603F,Q.PEAK DUO BLK G5,310,JC,Residential,JC / Q.PEAK DUO BLK G5 / RES / US / 310,Active
606,30384059F,Q.PEAK DUO L G6 BGT,415,JC,U&C,JC / Q.PEAK DUO L G6 BGT / ULC / US / 415,Active
607,30375909F,Q.PEAK DUO BLK G6+,340,JC,Residential,JC / Q.PEAK DUO BLK G6+ / RES / US / 340,Active
608,30376309F,Q.PEAK DUO BLK G6+,340,JC,Residential,JC / Q.PEAK DUO BLK G6+ / RES / US / 340,Active
609,30376209F,Q.PEAK DUO BLK G8+,340,ES,Residential,ES / Q.PEAK DUO BLK G8+ / RES / US / 340,Active
610,BRWMLD101RSDD-U000,APS.RSD-D-PLC,,,,,Active
611,46106146,Q.PEAK DUO L G6,430,GA,U&C,GA / Q.PEAK DUO L G6 / ULC / US / 430,Active
612,46214128,Q.PEAK DUO BLK G6+,340,GA,Residential,GA / Q.PEAK DUO BLK G6+ / RES / US / 340,Active
613,12005559F,Q.PEAK DUO XL G10 BFG,475,CYB,U&C,CYB / Q.PEAK DUO XL G10 BFG / ULC / US / 475,Active
614,12005560F,Q.PEAK DUO XL G10 BFG,470,CYB,U&C,CYB / Q.PEAK DUO XL G10 BFG / ULC / US / 470,Active
615,30369217F,Q.PEAK DUO BLK ML G9+,380,ES,Residential,ES / Q.PEAK DUO BLK ML G9+ / RES / US / 380,Active
616,30397272F,Q.PEAK DUO XL G10 BFG,480,ES,U&C,ES / Q.PEAK DUO XL G10 BFG / ULC / US / 480,Active
617,30397571F,Q.PEAK DUO XL G10 BFG,475,ES,U&C,ES / Q.PEAK DUO XL G10 BFG / ULC / US / 475,Active
618,30397572F,Q.PEAK DUO XL G10 BFG,480,ES,U&C,ES / Q.PEAK DUO XL G10 BFG / ULC / US / 480,Active
619,46214528,Q.PEAK DUO BLK G6+,340,GA,Residential,GA / Q.PEAK DUO BLK G6+ / RES / US / 340,Active
620,46108145,Q.PEAK DUO L G6,425,GA,U&C,GA / Q.PEAK DUO L G6 / ULC / US / 425,Active
621,46108146,Q.PEAK DUO L G6,430,GA,U&C,GA / Q.PEAK DUO L G6 / ULC / US / 430,Active
622,BRSEGSVSELES1-U000,,,,,,Active
623,BRCFPRR751505-U000,00.None,,,,,Active
624,BRSTRNGESRTAC-U000,,,,,,Active
625,BRSPCLCESRTAC-U000,,,,,,Active
626,BRCENMENC4XSH-U000,00.None,,,,,Active
627,BRCCUTREIWC44-U000,00.None,,,,,Active
628,BRMBRSTE1000R-U000,00.None,,,,,Active
629,BRMBRSTEI600R-U000,00.None,,,,,Active
630,30375807F,Q.PEAK DUO BLK G6+/TS,330,JC,Residential,JC / Q.PEAK DUO BLK G6+/TS / RES / US / 330,Active
631,30375811F,Q.PEAK DUO BLK G6+/TS,350,JC,Residential,JC / Q.PEAK DUO BLK G6+/TS / RES / US / 350,Active
632,46213128,Q.PEAK DUO BLK G6+/AC,340,GA,Residential,GA / Q.PEAK DUO BLK G6+/AC / RES / US / 340,Active
633,46212128,Q.PEAK DUO BLK G6+/HL,340,GA,Residential,GA / Q.PEAK DUO BLK G6+/HL / RES / US / 340,Active
634,30369116F,Q.PEAK DUO BLK ML G9+,375,ES,Residential,ES / Q.PEAK DUO BLK ML G9+ / RES / US / 375,Active
635,43106141,Q.PEAK DUO L G5,405,GA,U&C,GA / Q.PEAK DUO L G5 / ULC / US / 405,Active
636,46211528,Q.PEAK DUO BLK G6+,340,GA,Residential,GA / Q.PEAK DUO BLK G6+ / RES / US / 340,Active
637,46106145,Q.PEAK DUO L G6,425,GA,U&C,GA / Q.PEAK DUO L G6 / ULC / US / 425,Active
638,43207122,Q.PEAK DUO BLK G5,310,GA,Residential,GA / Q.PEAK DUO BLK G5 / RES / US / 310,Active
639,46210128,Q.PEAK DUO BLK G6+,340,GA,Residential,GA / Q.PEAK DUO BLK G6+ / RES / US / 340,Active
640,46210528,Q.PEAK DUO BLK G6+,340,GA,Residential,GA / Q.PEAK DUO BLK G6+ / RES / US / 340,Active
641,43204122,Q.PEAK DUO G5,310,GA,Residential,GA / Q.PEAK DUO G5 / RES / US / 310,Active
642,43207126,Q.PEAK DUO BLK G5,330,GA,Residential,GA / Q.PEAK DUO BLK G5 / RES / US / 330,Active
643,43208124,Q.PEAK DUO G5,320,GA,Residential,GA / Q.PEAK DUO G5 / RES / US / 320,Active
644,47204124,Q.PEAK DUO G5,320,GA,Residential,GA / Q.PEAK DUO G5 / RES / US / 320,Active
645,46211128,Q.PEAK DUO BLK G6+,340,GA,Residential,GA / Q.PEAK DUO BLK G6+ / RES / US / 340,Active
646,46112146,Q.PEAK DUO L G6,430,GA,U&C,GA / Q.PEAK DUO L G6 / ULC / US / 430,Active
647,46220128,Q.PEAK DUO BLK G6+/HL,340,GA,Residential,GA / Q.PEAK DUO BLK G6+/HL / RES / US / 340,Active
648,30397871F,Q.PEAK DUO XL G10 BFG,475,JC,U&C,JC / Q.PEAK DUO XL G10 BFG / ULC / US / 475,Active
649,46218528,Q.PEAK DUO BLK G6+,340,GA,Residential,GA / Q.PEAK DUO BLK G6+ / RES / US / 340,Active
650,30397872F,Q.PEAK DUO XL G10 BFG,480,JC,U&C,JC / Q.PEAK DUO XL G10 BFG / ULC / US / 480,Active
651,12004246R,Q.PEAK DUO L G8,425,CYB,U&C,CYB / Q.PEAK DUO L G8 / ULC / US / 425,Active
652,12004247R,Q.PEAK DUO L G8,420,CYB,U&C,CYB / Q.PEAK DUO L G8 / ULC / US / 420,Active
653,47102139,Q.PEAK DUO L G5,395,GA,U&C,GA / Q.PEAK DUO L G5 / ULC / US / 395,Active
654,47202125,Q.PEAK DUO G5,325,GA,Residential,GA / Q.PEAK DUO G5 / RES / US / 325,Active
655,47202126,Q.PEAK DUO G5,330,GA,Residential,GA / Q.PEAK DUO G5 / RES / US / 330,Active
656,47203123,Q.PEAK DUO BLK G5,315,GA,Residential,GA / Q.PEAK DUO BLK G5 / RES / US / 315,Active
657,30367257R,Q.PEAK DUO L G7,405,ES,U&C,ES / Q.PEAK DUO L G7 / ULC / US / 405,Active
658,30367655R,Q.PEAK DUO L G7,395,ES,U&C,ES / Q.PEAK DUO L G7 / ULC / US / 395,Active
659,12005802F+,Q.PEAK DUO L G8,435,CYB,U&C,CYB / Q.PEAK DUO L G8 / ULC / US / 435,Active
660,12005803F,Q.PEAK DUO L G8,430,CYB,U&C,CYB / Q.PEAK DUO L G8 / ULC / US / 430,Active
661,12005803F+,Q.PEAK DUO L G8,430,CYB,U&C,CYB / Q.PEAK DUO L G8 / ULC / US / 430,Active
662,SRCCPTROLIBR9-U000,00.None,,,,,Active
663,SRPWSROLITB36-U000,00.None,,,,,Active
664,12005802F,Q.PEAK DUO L G8,435,CYB,U&C,CYB / Q.PEAK DUO L G8 / ULC / US / 435,Active
665,46205131,Q.PEAK DUO G6+,355,GA,Residential,GA / Q.PEAK DUO G6+ / RES / US / 355,Active
666,RRT-4473-2400-COMMISSIONING,,,,,,Active
667,RRT-4473-2400-DDP,,,,,,Active
668,RRT-4473-2400-WARR-10Y,,,,,,Active
669,RRT-4473-2400-BATTERY-INSTALL,,,,,,Active
670,RRT-4473-2400-PMP-10Y,,,,,,Active
671,RRT-556-250-ESS,,,,,,Active
672,RRT-556-250-COMMISSIONING,,,,,,Active
673,RRT-556-250-DDP,,,,,,Active
674,RRT-556-250-BATTERY-INSTALL,,,,,,Active
675,30376709F,Q.PEAK DUO BLK G6+,340,JC,Residential,JC / Q.PEAK DUO BLK G6+ / RES / US / 340,Active
676,30390255F,T395H,395,JC,Residential,JC / T395H / RES / US / 395,Active
677,46113145,Q.PEAK DUO L G6,425,GA,U&C,GA / Q.PEAK DUO L G6 / ULC / US / 425,Active
678,46113146,Q.PEAK DUO L G6,430,GA,U&C,GA / Q.PEAK DUO L G6 / ULC / US / 430,Active
679,30390256F,T400H,400,JC,Residential,JC / T400H / RES / US / 400,Active
680,12005833F,Q.PEAK DUO XL G10 BFG,475,CYB,U&C,CYB / Q.PEAK DUO XL G10 BFG / ULC / US / 475,Active
681,12005832F,Q.PEAK DUO XL G10 BFG,480,CYB,U&C,CYB / Q.PEAK DUO XL G10 BFG / ULC / US / 480,Active
682,BRCCUTREIWC42-U000,00.None,,,,,Active
683,BRCENMENC4XV2-U000,00.None,,,,,Active
684,49401139,Q.PEAK DUO BLK ML G10.a+,395,GA,Residential,GA / Q.PEAK DUO BLK ML G10.a+ / RES / US / 395,Active
685,49401140,Q.PEAK DUO BLK ML G10.a+,400,GA,Residential,GA / Q.PEAK DUO BLK ML G10.a+ / RES / US / 400,Active
686,46221128,Q.PEAK DUO BLK G6+/AC,340,GA,Residential,GA / Q.PEAK DUO BLK G6+/AC / RES / US / 340,Active
687,46223128,Q.PEAK DUO BLK G6+/AC,340,GA,Residential,GA / Q.PEAK DUO BLK G6+/AC / RES / US / 340,Active
688,RRT-4473-2400-ESS,,,,,,Active
689,30376809F,Q.PEAK DUO BLK G6+,340,JC,Residential,JC / Q.PEAK DUO BLK G6+ / RES / US / 340,Active
690,46217128,Q.PEAK DUO BLK G6+,340,GA,Residential,GA / Q.PEAK DUO BLK G6+ / RES / US / 340,Active
691,46222128,Q.PEAK DUO BLK G6+/HL,340,GA,Residential,GA / Q.PEAK DUO BLK G6+/HL / RES / US / 340,Active
692,46114146,Q.PEAK DUO L G6,430,GA,U&C,GA / Q.PEAK DUO L G6 / ULC / US / 430,Active
693,46109545,Q.PEAK DUO L G6,425,GA,U&C,GA / Q.PEAK DUO L G6 / ULC / US / 425,Active
694,46111545,Q.PEAK DUO L G6,425,GA,U&C,GA / Q.PEAK DUO L G6 / ULC / US / 425,Active
695,46109546,Q.PEAK DUO L G6,430,GA,U&C,GA / Q.PEAK DUO L G6 / ULC / US / 430,Active
696,46209528,Q.PEAK DUO BLK G6+/AC,340,GA,Residential,GA / Q.PEAK DUO BLK G6+/AC / RES / US / 340,Active
697,30390555F+,Q.PEAK DUO BLK ML G10.a+,395,JC,Residential,JC / Q.PEAK DUO BLK ML G10.a+ / RES / US / 395,Active
698,30390556F+,Q.PEAK DUO BLK ML G10.a+,400,JC,Residential,JC / Q.PEAK DUO BLK ML G10.a+ / RES / US / 400,Active
699,46213127,Q.PEAK DUO BLK G6+/AC,335,GA,Residential,GA / Q.PEAK DUO BLK G6+/AC / RES / US / 335,Active
700,46221127,Q.PEAK DUO BLK G6+/AC,335,GA,Residential,GA / Q.PEAK DUO BLK G6+/AC / RES / US / 335,Active
701,30390371F,Q.PEAK DUO XL G10 BFG,475,ES,U&C,ES / Q.PEAK DUO XL G10 BFG / ULC / US / 475,Active
702,46109144,Q.PEAK DUO L G6,420,GA,U&C,GA / Q.PEAK DUO L G6 / ULC / US / 420,Active
703,BWCCABL1P5004-U00R,,,,,,Active
704,BWCCABL1P1505-U00R,,,,,,Active
705,SRCCPTROLI10GB-U000,,,,,,Active
706,SRCCPTROLVSIM-U000,00.None,,,,,Active
707,SRCCPTROLLGAM-U000,00.None,,,,,Active
708,30371611F+,,,,,,Active
709,49302156,Q.PEAK DUO XL G10,480,GA,U&C,GA / Q.PEAK DUO XL G10 / ULC / US / 480,Active
710,G10+ 360 sample,Q.PEAK DUO BLK G10+,360,,,,Active
711,G10+ AC 360 sample,Q.PEAK DUO BLK G10+/AC,360,,,,Active
712,49302155,Q.PEAK DUO XL G10,475,GA,U&C,GA / Q.PEAK DUO XL G10 / ULC / US / 475,Active
713,30390456C+,Q.PEAK DUO BLK ML G10+,400,ES,Residential,ES / Q.PEAK DUO BLK ML G10+ / RES / US / 400,Active
714,30390455C+,Q.PEAK DUO BLK ML G10+,395,ES,Residential,ES / Q.PEAK DUO BLK ML G10+ / RES / US / 395,Active
715,30397571C,Q.PEAK DUO XL G10 BFG,475,ES,U&C,ES / Q.PEAK DUO XL G10 BFG / ULC / US / 475,Active
716,30397572C,Q.PEAK DUO XL G10 BFG,480,ES,U&C,ES / Q.PEAK DUO XL G10 BFG / ULC / US / 480,Active
717,30384561C,Q.PEAK DUO L G6,425,JC,U&C,JC / Q.PEAK DUO L G6 / ULC / US / 425,Active
718,30384562C,Q.PEAK DUO L G6,430,JC,U&C,JC / Q.PEAK DUO L G6 / ULC / US / 430,Active
719,46219126,Q.PEAK DUO BLK G6+,330,GA,Residential,GA / Q.PEAK DUO BLK G6+ / RES / US / 330,Active
720,46205127,Q.PEAK DUO G6+,335,GA,Residential,GA / Q.PEAK DUO G6+ / RES / US / 335,Active
721,46208127,Q.PEAK DUO BLK G6+,335,GA,Residential,GA / Q.PEAK DUO BLK G6+ / RES / US / 335,Active
722,46210127,Q.PEAK DUO BLK G6+,335,GA,Residential,GA / Q.PEAK DUO BLK G6+ / RES / US / 335,Active
723,46217125,Q.PEAK DUO BLK G6+,325,GA,Residential,GA / Q.PEAK DUO BLK G6+ / RES / US / 325,Active
724,46217127,Q.PEAK DUO BLK G6+,335,GA,Residential,GA / Q.PEAK DUO BLK G6+ / RES / US / 335,Active
725,46225126,Q.PEAK DUO G6+,330,GA,Residential,GA / Q.PEAK DUO G6+ / RES / US / 330,Active
726,46204128,Q.PEAK DUO G6+,340,GA,Residential,GA / Q.PEAK DUO G6+ / RES / US / 340,Active
727,46204129,Q.PEAK DUO G6+,345,GA,Residential,GA / Q.PEAK DUO G6+ / RES / US / 345,Active
728,46205129,Q.PEAK DUO G6+,345,GA,Residential,GA / Q.PEAK DUO G6+ / RES / US / 345,Active
729,46214127,Q.PEAK DUO BLK G6+,335,GA,Residential,GA / Q.PEAK DUO BLK G6+ / RES / US / 335,Active
730,RRN-559-250-ESS,"Battery Accessory box , Master control Accessory",,,,,Active
731,RRN-559-250-EXTWARR-10Y,,,,,,Active
732,RRN-559-250-PMP-10Y,,,,,,Active
733,RRN-559-250-COMMISSIONING,,,,,,Active
734,RRN-559-250-DDP,,,,,,Active
735,12005805,Q.PEAK DUO L G8,420,CYB,U&C,CYB / Q.PEAK DUO L G8 / ULC / US / 420,Active
736,12005804F,Q.PEAK DUO L G8,425,CYB,U&C,CYB / Q.PEAK DUO L G8 / ULC / US / 425,Active
737,12005805F,Q.PEAK DUO L G8,420,CYB,U&C,CYB / Q.PEAK DUO L G8 / ULC / US / 420,Active
738,46224128,Q.PEAK DUO BLK G6+/AC,340,GA,Residential,GA / Q.PEAK DUO BLK G6+/AC / RES / US / 340,Active
739,46225130,Q.PEAK DUO G6+,350,GA,Residential,GA / Q.PEAK DUO G6+ / RES / US / 350,Active
740,46111546,Q.PEAK DUO L G6,430,GA,U&C,GA / Q.PEAK DUO L G6 / ULC / US / 430,Active
741,30390155F+,Q.PEAK DUO BLK ML G10+,395,ES,Residential,ES / Q.PEAK DUO BLK ML G10+ / RES / US / 395,Active
742,30390156F+,Q.PEAK DUO BLK ML G10+,400,ES,Residential,ES / Q.PEAK DUO BLK ML G10+ / RES / US / 400,Active
743,30390455F+,Q.PEAK DUO BLK ML G10+,395,ES,Residential,ES / Q.PEAK DUO BLK ML G10+ / RES / US / 395,Active
744,30390456F+,Q.PEAK DUO BLK ML G10+,400,ES,Residential,ES / Q.PEAK DUO BLK ML G10+ / RES / US / 400,Active
745,485sample,,485,,,,Active
746,49201132,Q.PEAK DUO BLK G10+,360,GA,Residential,GA / Q.PEAK DUO BLK G10+ / RES / US / 360,Active
747,RRU-2145-1072-ESS,,,,,,Active
748,RRU-3080-770-ESS,,,,,,Active
749,30390155C,Q.PEAK DUO BLK ML G10+,395,ES,Residential,ES / Q.PEAK DUO BLK ML G10+ / RES / US / 395,Active
750,RRN-373-150-ESS,00.None,,,,,Active
751,RRN-373-150-EXTWARR-10Y,,,,,,Active
752,RRN-373-150-PMP-10Y,,,,,,Active
753,RRN-373-150-COMMISSIONING,,,,,,Active
754,RRN-373-150-DDP,,,,,,Active
755,RRN-373-150-ENG-SRVS,,,,,,Active
756,30376609C,Q.PEAK DUO BLK G6+,340,JC,Residential,JC / Q.PEAK DUO BLK G6+ / RES / US / 340,Active
757,30390255C,T395H,395,JC,Residential,JC / T395H / RES / US / 395,Active
758,30390256C,T400H,400,JC,Residential,JC / T400H / RES / US / 400,Active
759,30371611C,Q.PEAK DUO G6+,350,JC,Residential,JC / Q.PEAK DUO G6+ / RES / US / 350,Active
760,30372211C,Q.PEAK DUO G6+,350,JC,Residential,JC / Q.PEAK DUO G6+ / RES / US / 350,Active
761,49403139,Q.PEAK DUO BLK ML G10+,395,GA,Residential,GA / Q.PEAK DUO BLK ML G10+ / RES / US / 395,Active
762,49403140,Q.PEAK DUO BLK ML G10+,400,GA,Residential,GA / Q.PEAK DUO BLK ML G10+ / RES / US / 400,Active
763,49301157,Q.PEAK DUO XL G10,485,GA,U&C,GA / Q.PEAK DUO XL G10 / ULC / US / 485,Active
764,30385557C,Q.PEAK DUO ML G10+,405,ES,Residential,ES / Q.PEAK DUO ML G10+ / RES / US / 405,Active
765,RRN-373-50-ESS,,,,,,Active
766,30390455F,Q.PEAK DUO BLK ML G10+,395,ES,Residential,ES / Q.PEAK DUO BLK ML G10+ / RES / US / 395,Active
767,30390456F,Q.PEAK DUO BLK ML G10+,400,ES,Residential,ES / Q.PEAK DUO BLK ML G10+ / RES / US / 400,Active
768,30390555F,Q.PEAK DUO BLK ML G10.a+,395,JC,Residential,JC / Q.PEAK DUO BLK ML G10.a+ / RES / US / 395,Active
769,30390556F,Q.PEAK DUO BLK ML G10.a+,400,JC,Residential,JC / Q.PEAK DUO BLK ML G10.a+ / RES / US / 400,Active
770,49303155,Q.PEAK DUO XL G10 BFG,475,GA,U&C,GA / Q.PEAK DUO XL G10 BFG / ULC / US / 475,Active
771,49303156,Q.PEAK DUO XL G10 BFG,480,GA,U&C,GA / Q.PEAK DUO XL G10 BFG / ULC / US / 480,Active
772,49304155,Q.PEAK DUO XL G10,475,GA,U&C,GA / Q.PEAK DUO XL G10 / ULC / US / 475,Active
773,49304156,Q.PEAK DUO XL G10,480,GA,U&C,GA / Q.PEAK DUO XL G10 / ULC / US / 480,Active
774,RRN-559-150-ESS,00.None,,,,,Active
775,RRN-932-250-ENG-SRVS,,,,,,Active
776,RRN-932-250-EXTWARR-10Y,,,,,,Active
777,RRN-932-250-PMP-10Y,,,,,,Active
778,RRN-932-250-COMMISSIONING,,,,,,Active
779,RRN-932-250-DDP,,,,,,Active
780,RRT-4473-2400-PMP-20Y,,,,,,Active
781,RRT-4473-2400-WARR-15Y,,,,,,Active
782,RRT-4473-2400-WARR-20Y,,,,,,Active
783,RRT-4473-2400-CAPACITY-GUARANTEE,,,,,,Active
784,BRSEGSVSWEETO-U000,,,C&I,,C&I /  / ESS / C&I / US / ,Active
785,BWCCABL1P0006-U00R,,,,,,Active
786,BWCCABL1P0007-U00R,,,,,,Active
787,BWCENME1P0AN2-U00R,,,,,,Active
788,SRWEIH1016001-U00R,,,,,,Active
789,SRWEIH1017001-U00R,,,,,,Active
790,BWCBMSPMSMCHG1-U00R,,,,,,Active
791,BWCENME1PMETR-U00R,,,,,,Active
792,30376609H,Q.PEAK DUO BLK G6+,340,JC,Residential,JC / Q.PEAK DUO BLK G6+ / RES / US / 340,Active
793,30371611H,Q.PEAK DUO G6+,350,JC,Residential,JC / Q.PEAK DUO G6+ / RES / US / 350,Active
794,30372211H,Q.PEAK DUO G6+,350,JC,Residential,JC / Q.PEAK DUO G6+ / RES / US / 350,Active
795,30376608H,Q.PEAK DUO BLK G6+,335,JC,Residential,JC / Q.PEAK DUO BLK G6+ / RES / US / 335,Active
796,30372156H,Q.PEAK DUO ML G10.a+,400,JC,Residential,JC / Q.PEAK DUO ML G10.a+ / RES / US / 400,Active
797,30372157H,Q.PEAK DUO ML G10.a+,405,JC,Residential,JC / Q.PEAK DUO ML G10.a+ / RES / US / 405,Active
798,30372158H,Q.PEAK DUO ML G10.a+,410,JC,Residential,JC / Q.PEAK DUO ML G10.a+ / RES / US / 410,Active
799,49301154,Q.PEAK DUO XL G10,470,GA,U&C,GA / Q.PEAK DUO XL G10 / ULC / US / 470,Active
800,49303555,Q.PEAK DUO XL G10 BFG,475,GA,U&C,GA / Q.PEAK DUO XL G10 BFG / ULC / US / 475,Active
801,49303556,Q.PEAK DUO XL G10 BFG,480,GA,U&C,GA / Q.PEAK DUO XL G10 BFG / ULC / US / 480,Active
802,12005831,Q.PEAK DUO XL G10 BFG,485,CYB,U&C,CYB / Q.PEAK DUO XL G10 BFG / ULC / US / 485,Active
803,30390456H,Q.PEAK DUO BLK ML G10+,400,ES,Residential,ES / Q.PEAK DUO BLK ML G10+ / RES / US / 400,Active
804,30390455H,Q.PEAK DUO BLK ML G10+,395,ES,Residential,ES / Q.PEAK DUO BLK ML G10+ / RES / US / 395,Active
805,30397572,Q.PEAK DUO XL G10 BFG,480,ES,U&C,ES / Q.PEAK DUO XL G10 BFG / ULC / US / 480,Active
806,30390155H,Q.PEAK DUO BLK ML G10+,395,ES,Residential,ES / Q.PEAK DUO BLK ML G10+ / RES / US / 395,Active
807,30368160,Q.PEAK DUO L G8 BFG,420,ES,U&C,ES / Q.PEAK DUO L G8 BFG / ULC / US / 420,Active
808,30368160R,Q.PEAK DUO L G8 BFG,420,ES,U&C,ES / Q.PEAK DUO L G8 BFG / ULC / US / 420,Active
809,30368358R,Q.PEAK DUO L G8 BGT,410,ES,U&C,ES / Q.PEAK DUO L G8 BGT / ULC / US / 410,Active
810,30381259R,Q.PEAK DUO L G6 BFG,415,JC,U&C,JC / Q.PEAK DUO L G6 BFG / ULC / US / 415,Active
811,30368516,Q.PEAK DUO BLK ML G9+,375,ES,Residential,ES / Q.PEAK DUO BLK ML G9+ / RES / US / 375,Active
812,30368516R,Q.PEAK DUO BLK ML G9+,375,ES,Residential,ES / Q.PEAK DUO BLK ML G9+ / RES / US / 375,Active
813,30368517R,Q.PEAK DUO BLK ML G9+,380,ES,Residential,ES / Q.PEAK DUO BLK ML G9+ / RES / US / 380,Active
814,30375808R,Q.PEAK DUO BLK G6+/TS,335,JC,Residential,JC / Q.PEAK DUO BLK G6+/TS / RES / US / 335,Active
815,30367755R,Q.PEAK DUO L G7,395,ES,U&C,ES / Q.PEAK DUO L G7 / ULC / US / 395,Active
816,30367758R,Q.PEAK DUO L G7,410,ES,U&C,ES / Q.PEAK DUO L G7 / ULC / US / 410,Active
817,30383258R,Q.PEAK DUO L G8,410,ES,U&C,ES / Q.PEAK DUO L G8 / ULC / US / 410,Active
818,46206128,Q.PEAK DUO BLK G6+,340,GA,Residential,GA / Q.PEAK DUO BLK G6+ / RES / US / 340,Active
819,47103139,Q.PEAK DUO L G5,395,GA,Residential,GA / Q.PEAK DUO L G5 / RES / US / 395,Active
820,30376108R,Q.PEAK DUO BLK G8+,335,ES,Residential,ES / Q.PEAK DUO BLK G8+ / RES / US / 335,Active
821,30376109R,Q.PEAK DUO BLK G8+,340,ES,Residential,ES / Q.PEAK DUO BLK G8+ / RES / US / 340,Active
822,30368516F,Q.PEAK DUO BLK ML G9+,375,ES,Residential,ES / Q.PEAK DUO BLK ML G9+ / RES / US / 375,Active
823,30368159F,Q.PEAK DUO L G8 BFG,415,ES,U&C,ES / Q.PEAK DUO L G8 BFG / ULC / US / 415,Active
824,30368160F,Q.PEAK DUO L G8 BFG,420,ES,U&C,ES / Q.PEAK DUO L G8 BFG / ULC / US / 420,Active
825,30381259F,Q.PEAK DUO L G6 BFG,415,JC,U&C,JC / Q.PEAK DUO L G6 BFG / ULC / US / 415,Active
826,30375509F,Q.PEAK DUO BLK G6+,340,JC,Residential,JC / Q.PEAK DUO BLK G6+ / RES / US / 340,Active
827,30375808F,Q.PEAK DUO BLK G6+/TS,335,JC,Residential,JC / Q.PEAK DUO BLK G6+/TS / RES / US / 335,Active
828,30375809F,Q.PEAK DUO BLK G6+/TS,340,JC,Residential,JC / Q.PEAK DUO BLK G6+/TS / RES / US / 340,Active
829,BWCCABL1P0003-U00R,,,,,,Active
830,SRWBPN101C001-U00R,,,,,,Active
831,BWCCABL1P0004-U00R,,,,,,Active
832,BWCCABL1P0005-U00R,,,,,,Active
833,30369117F,Q.PEAK DUO BLK ML G9+,380,ES,Residential,ES / Q.PEAK DUO BLK ML G9+ / RES / US / 380,Active
834,46104147,Q.PEAK DUO L G6,435,GA,U&C,GA / Q.PEAK DUO L G6 / ULC / US / 435,Active
835,43105139,Q.PEAK DUO L G5,395,GA,U&C,GA / Q.PEAK DUO L G5 / ULC / US / 395,Active
836,30370811R,Q.PEAK DUO G6+,350,JC,Residential,JC / Q.PEAK DUO G6+ / RES / US / 350,Active
837,30381461R,Q.PEAK DUO L G6,425,JC,U&C,JC / Q.PEAK DUO L G6 / ULC / US / 425,Active
838,30381259,Q.PEAK DUO L G6 BFG,415,JC,U&C,JC / Q.PEAK DUO L G6 BFG / ULC / US / 415,Active
839,12004927R,Q.PEAK DUO L G7,395,CYB,U&C,CYB / Q.PEAK DUO L G7 / ULC / US / 395,Active
840,43207123,Q.PEAK DUO BLK G5,315,GA,Residential,GA / Q.PEAK DUO BLK G5 / RES / US / 315,Active
841,Q.PEAK DUO BF XL G11 570,,570,,,,Active
842,Q.PEAK DUO BF XL G11 575,,575,,,,Active
843,Q.PEAK DUO BF XL G11 580,,580,,,,Active
844,Q.PEAK DUO BF XL G11 585,,585,,,,Active
845,30368359,Q.PEAK DUO L G8 BGT,415,ES,U&C,ES / Q.PEAK DUO L G8 BGT / ULC / US / 415,Active
846,49401135,Q.PEAK DUO BLK ML G10.a+,375,,,,Active
847,49401136,Q.PEAK DUO BLK ML G10.a+,380,,,,Active
848,30391491,Q.PEAK DUO XL G11 BFG,575,ES,U&C,ES / Q.PEAK DUO XL G11 BFG / ULC / US / 575,Active
849,30385557H,Q.PEAK DUO ML G10+,405,ES,Residential,ES / Q.PEAK DUO ML G10+ / RES / US / 405,Active
850,30385558H,Q.PEAK DUO ML G10+,410,ES,Residential,ES / Q.PEAK DUO ML G10+ / RES / US / 410,Active
851,46106143,Q.PEAK DUO L G6,415,GA,U&C,GA / Q.PEAK DUO L G6 / ULC / US / 415,Active
852,46222127,Q.PEAK DUO BLK G6+/HL,335,GA,Residential,GA / Q.PEAK DUO BLK G6+/HL / RES / US / 335,Active
853,49403138,Q.PEAK DUO BLK ML G10+,390,GA,Residential,GA / Q.PEAK DUO BLK ML G10+ / RES / US / 390,Active
854,46206130,Q.PEAK DUO BLK G6+,350,GA,Residential,GA / Q.PEAK DUO BLK G6+ / RES / US / 350,Active
855,46208130,Q.PEAK DUO BLK G6+,350,GA,Residential,GA / Q.PEAK DUO BLK G6+ / RES / US / 350,Active
856,46208131,Q.PEAK DUO BLK G6+,355,GA,Residential,GA / Q.PEAK DUO BLK G6+ / RES / US / 355,Active
857,46212127,Q.PEAK DUO BLK G6+/HL,335,GA,Residential,GA / Q.PEAK DUO BLK G6+/HL / RES / US / 335,Active
858,46217130,Q.PEAK DUO BLK G6+,350,GA,Residential,GA / Q.PEAK DUO BLK G6+ / RES / US / 350,Active
859,46219130,Q.PEAK DUO BLK G6+,350,GA,Residential,GA / Q.PEAK DUO BLK G6+ / RES / US / 350,Active
860,46226128,Q.PEAK DUO BLK G6+/HL,340,GA,Residential,GA / Q.PEAK DUO BLK G6+/HL / RES / US / 340,Active
861,46222126,Q.PEAK DUO BLK G6+/HL,330,GA,Residential,GA / Q.PEAK DUO BLK G6+/HL / RES / US / 330,Active
862,49303154,Q.PEAK DUO XL G10 BFG,470,GA,U&C,GA / Q.PEAK DUO XL G10 BFG / ULC / US / 470,Active
863,30381261,Q.PEAK DUO L G6 BFG,425,,,,Active
864,30384260,Q.PEAK DUO L G6 BFG,420,,,,Active
865,30384261,Q.PEAK DUO L G6 BFG,425,,,,Active
866,BWCATSM1PATTX-U00R,,,,,,Active
867,BWCACCBMS0SLX-U00R,00.None,,GA,,GA / NONE / ESS / RES / US / ,Active
868,BWCACCBSL0SLX-U00R,00.None,,GA,,GA / NONE / ESS / RES / US / ,Active
869,49202131,Q.PEAK DUO BLK G10+/AC,355,GA,Residential,GA / Q.PEAK DUO BLK G10+/AC / RES / US / 355,Active
870,49202132,Q.PEAK DUO BLK G10+/AC,360,GA,Residential,GA / Q.PEAK DUO BLK G10+/AC / RES / US / 360,Active
871,49403539,Q.PEAK DUO BLK ML G10+,395,GA,Residential,GA / Q.PEAK DUO BLK ML G10+ / RES / US / 395,Active
872,49403540,Q.PEAK DUO BLK ML G10+,400,GA,Residential,GA / Q.PEAK DUO BLK ML G10+ / RES / US / 400,Active
873,49402140,T400H,400,GA,Residential,GA / T400H / RES / US / 400,Active
874,49406139,T395H,395,GA,Residential,GA / T395H / RES / US / 395,Active
875,49406140,T400H,400,GA,Residential,GA / T400H / RES / US / 400,Active
876,49406539,T395H,395,GA,Residential,GA / T395H / RES / US / 395,Active
877,RRN-373-100-ENG-SRVS,00.None,,C&I,,C&I / NONE / ESS / C&I / US / ,Active
878,30391371,Q.PEAK DUO XL G10 BFG,475,JC,U&C,JC / Q.PEAK DUO XL G10 BFG / ULC / US / 475,Active
879,30391372,Q.PEAK DUO XL G10 BFG,480,JC,U&C,JC / Q.PEAK DUO XL G10 BFG / ULC / US / 480,Active
880,30392871,Q.PEAK DUO XL G10 BFG,475,JC,U&C,JC / Q.PEAK DUO XL G10 BFG / ULC / US / 475,Active
881,30392872,Q.PEAK DUO XL G10 BFG,480,JC,U&C,JC / Q.PEAK DUO XL G10 BFG / ULC / US / 480,Active
882,12000877,,290,,,,Active
883,12000877A,Q.PLUS G4.3,290,CYB,Residential,CYB / Q.PLUS G4.3 / RES / US / 290,Active
884,Q.PEAK DUO L G6.3/BFG 420,,420,,,,Active
885,Q.PEAK DUO L G6.3/BFG 425,,425,,,,Active
886,Q.PEAK DUO L G6.3/BFG 430,,430,,,,Active
887,Q.PEAK DUO L G8.3/BFG 420,,420,,,,Active
888,Q.PEAK DUO L G8.3/BFG 425,,425,,,,Active
889,30368517F,Q.PEAK DUO BLK ML G9+,380,ES,Residential,ES / Q.PEAK DUO BLK ML G9+ / RES / US / 380,Active
890,30381258F,Q.PEAK DUO L G6 BFG,415,JC,U&C,JC / Q.PEAK DUO L G6 BFG / ULC / US / 415,Active
891,30381260F,Q.PEAK DUO L G6 BFG,420,JC,U&C,JC / Q.PEAK DUO L G6 BFG / ULC / US / 420,Active
892,12002680F,Q.PEAK DUO L G7,395,CYB,U&C,CYB / Q.PEAK DUO L G7 / ULC / US / 395,Active
893,12005040F,Q.PEAK DUO G8,355,CYB,Residential,CYB / Q.PEAK DUO G8 / RES / US / 355,Active
894,12005041F,Q.PEAK DUO G8,350,CYB,Residential,CYB / Q.PEAK DUO G8 / RES / US / 350,Active
895,12004927F,Q.PEAK DUO L G7,395,CYB,U&C,CYB / Q.PEAK DUO L G7 / ULC / US / 395,Active
896,12004244F,Q.PEAK DUO L G8,435,CYB,U&C,CYB / Q.PEAK DUO L G8 / ULC / US / 435,Active
897,12004248F,Q.PEAK DUO L G8,415,CYB,U&C,CYB / Q.PEAK DUO L G8 / ULC / US / 415,Active
898,43209124,Q.PEAK DUO BLK G5,320,GA,Residential,GA / Q.PEAK DUO BLK G5 / RES / US / 320,Active
899,46206528,Q.PEAK DUO BLK G6+,340,GA,Residential,GA / Q.PEAK DUO BLK G6+ / RES / US / 340,Active
900,43207523,Q.PEAK DUO BLK G5,315,GA,Residential,GA / Q.PEAK DUO BLK G5 / RES / US / 315,Active
901,12004248R,Q.PEAK DUO L G8,415,CYB,U&C,CYB / Q.PEAK DUO L G8 / ULC / US / 415,Active
902,12002678R,Q.PEAK DUO L G7,405,CYB,U&C,CYB / Q.PEAK DUO L G7 / ULC / US / 405,Active
903,30368159R,Q.PEAK DUO L G8 BFG,415,ES,U&C,ES / Q.PEAK DUO L G8 BFG / ULC / US / 415,Active
904,46104146,Q.PEAK DUO L G6,430,GA,U&C,GA / Q.PEAK DUO L G6 / ULC / US / 430,Active
905,30368359R,Q.PEAK DUO L G8 BGT,415,ES,U&C,ES / Q.PEAK DUO L G8 BGT / ULC / US / 415,Active
906,30370910R,Q.PEAK DUO G6+,345,JC,Residential,JC / Q.PEAK DUO G6+ / RES / US / 345,Active
907,30370911R,Q.PEAK DUO G6+,350,JC,Residential,JC / Q.PEAK DUO G6+ / RES / US / 350,Active
908,30376008R,Q.PEAK DUO BLK G6+,335,JC,Residential,JC / Q.PEAK DUO BLK G6+ / RES / US / 335,Active
909,30376009R,Q.PEAK DUO BLK G6+,340,JC,Residential,JC / Q.PEAK DUO BLK G6+ / RES / US / 340,Active
910,30368618R,Q.PEAK DUO ML G9+,385,ES,Residential,ES / Q.PEAK DUO ML G9+ / RES / US / 385,Active
911,30368619R,Q.PEAK DUO ML G9+,390,ES,Residential,ES / Q.PEAK DUO ML G9+ / RES / US / 390,Active
912,12004247F,Q.PEAK DUO L G8,420,CYB,U&C,CYB / Q.PEAK DUO L G8 / ULC / US / 420,Active
913,43211123,Q.PEAK DUO BLK G5,315,GA,Residential,GA / Q.PEAK DUO BLK G5 / RES / US / 315,Active
914,46207130,Q.PEAK DUO BLK G6+/AC,350,GA,Residential,GA / Q.PEAK DUO BLK G6+/AC / RES / US / 350,Active
915,43209524,Q.PEAK DUO BLK G5,320,GA,Residential,GA / Q.PEAK DUO BLK G5 / RES / US / 320,Active
916,43211126,Q.PEAK DUO BLK G5,320,GA,Residential,GA / Q.PEAK DUO BLK G5 / RES / US / 320,Active
917,43212123,Q.PEAK DUO BLK G5,315,GA,Residential,GA / Q.PEAK DUO BLK G5 / RES / US / 315,Active
918,43212124,Q.PEAK DUO BLK G5,320,GA,Residential,GA / Q.PEAK DUO BLK G5 / RES / US / 320,Active
919,43212524,Q.PEAK DUO BLK G5,320,GA,Residential,GA / Q.PEAK DUO BLK G5 / RES / US / 320,Active
920,43215124,Q.PEAK DUO BLK G5,320,GA,Residential,GA / Q.PEAK DUO BLK G5 / RES / US / 320,Active
921,46205128,Q.PEAK DUO G6+,340,GA,Residential,GA / Q.PEAK DUO G6+ / RES / US / 340,Active
922,43210125,Q.PEAK DUO G5,325,GA,Residential,GA / Q.PEAK DUO G5 / RES / US / 325,Active
923,43208126,Q.PEAK DUO G5,330,GA,Residential,GA / Q.PEAK DUO G5 / RES / US / 330,Active
924,43207124,Q.PEAK DUO BLK G5,320,GA,Residential,GA / Q.PEAK DUO BLK G5 / RES / US / 320,Active
925,43208125,Q.PEAK DUO G5,325,GA,Residential,GA / Q.PEAK DUO G5 / RES / US / 325,Active
926,30381260R,Q.PEAK DUO L G6 BFG,420,JC,U&C,JC / Q.PEAK DUO L G6 BFG / ULC / US / 420,Active
927,Q.PEAK DUO XL G10.3 BFG 475,,475,,,,Active
928,Q.PEAK DUO XL G10.3 BFG 480,,480,,,,Active
929,RRN-373-50-ENG-SRVS,,,,,,Active
930,RRN-373-50-COMMISSIONING,,,,,,Active
931,RRN-373-50-EXTWARR-10Y,,,,,,Active
932,RRN-373-50-PMP-10Y,,,,,,Active
933,RRN-373-50-DDP,,,,,,Active
934,RRN-373-100-ESS,,,,,,Active
935,RRN-373-100-EXTWARR-10Y,,,,,,Active
936,RRN-373-100-COMMISSIONING,,,,,,Active
937,RRN-373-100-DDP,,,,,,Active
938,RRN-373-100-PMP-10Y,,,,,,Active
939,30390155F,Q.PEAK DUO BLK ML G10+,395,ES,Residential,ES / Q.PEAK DUO BLK ML G10+ / RES / US / 395,Active
940,30390455C,Q.PEAK DUO BLK ML G10+,395,ES,Residential,ES / Q.PEAK DUO BLK ML G10+ / RES / US / 395,Active
941,30376909C,Q.PEAK DUO BLK G6+,340,JC,Residential,JC / Q.PEAK DUO BLK G6+ / RES / US / 340,Active
942,30372156C,Q.PEAK DUO ML G10.a+,400,JC,Residential,JC / Q.PEAK DUO ML G10.a+ / RES / US / 400,Active
943,30372157C,Q.PEAK DUO ML G10.a+,405,JC,Residential,JC / Q.PEAK DUO ML G10.a+ / RES / US / 405,Active
944,30372158C,Q.PEAK DUO ML G10.a+,410,JC,Residential,JC / Q.PEAK DUO ML G10.a+ / RES / US / 410,Active
945,30397570C,Q.PEAK DUO XL G10 BFG,470,ES,U&C,ES / Q.PEAK DUO XL G10 BFG / ULC / US / 470,Active
946,30390370C,Q.PEAK DUO XL G10 BFG,470,ES,U&C,ES / Q.PEAK DUO XL G10 BFG / ULC / US / 470,Active
947,30397573C,Q.PEAK DUO XL G10 BFG,485,ES,U&C,ES / Q.PEAK DUO XL G10 BFG / ULC / US / 485,Active
948,30390373C,Q.PEAK DUO XL G10 BFG,485,ES,U&C,ES / Q.PEAK DUO XL G10 BFG / ULC / US / 485,Active
949,30390456C,Q.PEAK DUO BLK ML G10+,400,ES,Residential,ES / Q.PEAK DUO BLK ML G10+ / RES / US / 400,Active
950,46216128,Q.PEAK DUO BLK G6+,340,GA,Residential,GA / Q.PEAK DUO BLK G6+ / RES / US / 340,Active
951,46216528,Q.PEAK DUO BLK G6+,340,GA,Residential,GA / Q.PEAK DUO BLK G6+ / RES / US / 340,Active
952,30369516F,Q.PEAK DUO BLK ML G9+,375,ES,Residential,ES / Q.PEAK DUO BLK ML G9+ / RES / US / 375,Active
953,30369517F,Q.PEAK DUO BLK ML G9+,380,ES,Residential,ES / Q.PEAK DUO BLK ML G9+ / RES / US / 380,Active
954,30384561F,Q.PEAK DUO L G6,425,JC,U&C,JC / Q.PEAK DUO L G6 / ULC / US / 425,Active
955,30384562F,Q.PEAK DUO L G6,430,JC,U&C,JC / Q.PEAK DUO L G6 / ULC / US / 430,Active
956,30376609F,Q.PEAK DUO BLK G6+,340,JC,Residential,JC / Q.PEAK DUO BLK G6+ / RES / US / 340,Active
957,30376511F,Q.PEAK DUO BLK G6+/TS,350,JC,Residential,JC / Q.PEAK DUO BLK G6+/TS / RES / US / 350,Active
958,30397871C,Q.PEAK DUO XL G10 BFG,475,JC,U&C,JC / Q.PEAK DUO XL G10 BFG / ULC / US / 475,Active
959,30397872C,Q.PEAK DUO XL G10 BFG,480,JC,U&C,JC / Q.PEAK DUO XL G10 BFG / ULC / US / 480,Active
960,12005833C,Q.PEAK DUO XL G10 BFG,475,CYB,U&C,CYB / Q.PEAK DUO XL G10 BFG / ULC / US / 475,Active
961,12005832C,Q.PEAK DUO XL G10 BFG,480,CYB,U&C,CYB / Q.PEAK DUO XL G10 BFG / ULC / US / 480,Active
962,30390371C,Q.PEAK DUO XL G10 BFG,475,ES,U&C,ES / Q.PEAK DUO XL G10 BFG / ULC / US / 475,Active
963,30390372C,Q.PEAK DUO XL G10 BFG,480,ES,U&C,ES / Q.PEAK DUO XL G10 BFG / ULC / US / 480,Active
964,46202126,Q.PEAK DUO BLK G6+,330,GA,Residential,GA / Q.PEAK DUO BLK G6+ / RES / US / 330,Active
965,46206126,Q.PEAK DUO BLK G6+,330,GA,Residential,GA / Q.PEAK DUO BLK G6+ / RES / US / 330,Active
966,46217124,Q.PEAK DUO BLK G6+,320,GA,Residential,GA / Q.PEAK DUO BLK G6+ / RES / US / 320,Active
967,46217126,Q.PEAK DUO BLK G6+,330,GA,Residential,GA / Q.PEAK DUO BLK G6+ / RES / US / 330,Active
968,46219125,Q.PEAK DUO BLK G6+,325,GA,Residential,GA / Q.PEAK DUO BLK G6+ / RES / US / 325,Active
969,30390255H,T395H,395,JC,Residential,JC / T395H / RES / US / 395,Active
970,30390256H,T400H,400,JC,Residential,JC / T400H / RES / US / 400,Active
971,30390156H,Q.PEAK DUO BLK ML G10+,400,ES,Residential,ES / Q.PEAK DUO BLK ML G10+ / RES / US / 400,Active
972,30390370,Q.PEAK DUO XL G10 BFG,470,ES,U&C,ES / Q.PEAK DUO XL G10 BFG / ULC / US / 470,Active
973,30390372,Q.PEAK DUO XL G10 BFG,480,ES,U&C,ES / Q.PEAK DUO XL G10 BFG / ULC / US / 480,Active
974,30397573,Q.PEAK DUO XL G10 BFG,485,ES,U&C,ES / Q.PEAK DUO XL G10 BFG / ULC / US / 485,Active
975,30390373,Q.PEAK DUO XL G10 BFG,485,ES,U&C,ES / Q.PEAK DUO XL G10 BFG / ULC / US / 485,Active
976,30376909H,Q.PEAK DUO BLK G6+,340,JC,Residential,JC / Q.PEAK DUO BLK G6+ / RES / US / 340,Active
977,12005832,Q.PEAK DUO XL G10 BFG,480,CYB,U&C,CYB / Q.PEAK DUO XL G10 BFG / ULC / US / 480,Active
978,12005833,Q.PEAK DUO XL G10 BFG,475,CYB,U&C,CYB / Q.PEAK DUO XL G10 BFG / ULC / US / 475,Active
979,30390372F,Q.PEAK DUO XL G10 BFG,480,ES,U&C,ES / Q.PEAK DUO XL G10 BFG / ULC / US / 480,Active
980,46103145,Q.PEAK DUO L G6,425,GA,U&C,GA / Q.PEAK DUO L G6 / ULC / US / 425,Active
981,46113144,Q.PEAK DUO L G6,420,GA,U&C,GA / Q.PEAK DUO L G6 / ULC / US / 420,Active
982,46106144,Q.PEAK DUO L G6,420,GA,U&C,GA / Q.PEAK DUO L G6 / ULC / US / 420,Active
983,46114145,Q.PEAK DUO L G6,425,GA,U&C,GA / Q.PEAK DUO L G6 / ULC / US / 425,Active
984,46111144,Q.PEAK DUO L G6,420,GA,U&C,GA / Q.PEAK DUO L G6 / ULC / US / 420,Active
985,46112144,Q.PEAK DUO L G6,420,GA,U&C,GA / Q.PEAK DUO L G6 / ULC / US / 420,Active
986,49401138,Q.PEAK DUO BLK ML G10.a+,390,GA,Residential,GA / Q.PEAK DUO BLK ML G10.a+ / RES / US / 390,Active
987,RRN-559-150-ENG-SRVS,,,,,,Active
988,RRN-559-150-EXTWARR-10Y,,,,,,Active
989,RRN-559-150-COMMISSIONING,,,,,,Active
990,RRN-559-150-PMP-10Y,,,,,,Active
991,RRN-559-150-DDP,,,,,,Active
992,RRN-744-200-ESS,,,,,,Active
993,RRN-744-200-ENG-SRVS,00.None,,,,,Active
994,RRN-744-200-EXTWARR-10Y,,,,,,Active
995,RRN-744-200-PMP-10Y,,,,,,Active
996,RRN-744-200-COMMISSIONING,,,,,,Active
997,RRN-744-200-DDP,,,,,,Active
998,RRN-932-250-ESS,,,,,,Active
999,46109143,Q.PEAK DUO L G6,415,GA,U&C,GA / Q.PEAK DUO L G6 / ULC / US / 415,Active
1000,46111143,Q.PEAK DUO L G6,415,GA,U&C,GA / Q.PEAK DUO L G6 / ULC / US / 415,Active
1001,43106142,Q.PEAK DUO L G5,410,GA,U&C,GA / Q.PEAK DUO L G5 / ULC / US / 410,Active
1002,49405139,Q.PEAK DUO BLK ML G10+,395,GA,Residential,GA / Q.PEAK DUO BLK ML G10+ / RES / US / 395,Active
1003,49405140,Q.PEAK DUO BLK ML G10+,400,GA,Residential,GA / Q.PEAK DUO BLK ML G10+ / RES / US / 400,Active
1004,49203131,Q.PEAK DUO BLK G10+,355,GA,Residential,GA / Q.PEAK DUO BLK G10+ / RES / US / 355,Active
1005,49203132,Q.PEAK DUO BLK G10+,360,GA,Residential,GA / Q.PEAK DUO BLK G10+ / RES / US / 360,Active
1006,49204131,Q.PEAK DUO BLK G10+/AC,355,GA,Residential,GA / Q.PEAK DUO BLK G10+/AC / RES / US / 355,Active
1007,49204132,Q.PEAK DUO BLK G10+/AC,360,GA,Residential,GA / Q.PEAK DUO BLK G10+/AC / RES / US / 360,Active
1008,49201130,Q.PEAK DUO BLK G10+,350,GA,Residential,GA / Q.PEAK DUO BLK G10+ / RES / US / 350,Active
1009,46220127,Q.PEAK DUO BLK G6+/HL,335,GA,Residential,GA / Q.PEAK DUO BLK G6+/HL / RES / US / 335,Active
1010,30391492,Q.PEAK DUO XL G11 BFG,580,ES,U&C,ES / Q.PEAK DUO XL G11 BFG / ULC / US / 580,Active
1011,30391592,Q.PEAK DUO XL G11 BFG,580,JC,U&C,JC / Q.PEAK DUO XL G11 BFG / ULC / US / 580,Active
1012,30391490,Q.PEAK DUO XL G11 BFG,570,ES,U&C,ES / Q.PEAK DUO XL G11 BFG / ULC / US / 570,Active
1013,30391493,Q.PEAK DUO XL G11 BFG,585,ES,U&C,ES / Q.PEAK DUO XL G11 BFG / ULC / US / 585,Active
1014,30397571,Q.PEAK DUO XL G10 BFG,475,ES,U&C,ES / Q.PEAK DUO XL G10 BFG / ULC / US / 475,Active
1015,30392471,Q.PEAK DUO XL G10 BFG,475,ES,U&C,ES / Q.PEAK DUO XL G10 BFG / ULC / US / 475,Active
1016,30392472,Q.PEAK DUO XL G10 BFG,480,ES,U&C,ES / Q.PEAK DUO XL G10 BFG / ULC / US / 480,Active
1017,30391591,Q.PEAK DUO XL G11 BFG,575,JC,U&C,JC / Q.PEAK DUO XL G11 BFG / ULC / US / 575,Active
1018,30391593,Q.PEAK DUO XL G11 BFG,585,JC,U&C,JC / Q.PEAK DUO XL G11 BFG / ULC / US / 585,Active
1019,30397471F,Q.PEAK DUO XL G10,475,JC,U&C,JC / Q.PEAK DUO XL G10 / ULC / US / 475,Active
1020,30397472F,Q.PEAK DUO XL G10,480,JC,U&C,JC / Q.PEAK DUO XL G10 / ULC / US / 480,Active
1021,30397816F,Q.PEAK DUO XL G10 BFG,475,JC,U&C,JC / Q.PEAK DUO XL G10 BFG / ULC / US / 475,Active
1022,BRCATSMSG3A03-U000,00.None,,,,,Active
1023,BRCDSCODH365N-U000,00.None,,,,,Active
1024,BRCFUSEFRR200-U000,00.None,,,,,Active
1025,BRCSWGRLA4803-U000,00.None,,,,,Active
1026,SRSEXWY01115Y-U000,,,,,,Active
1027,SRSEXWY01620Y-U000,,,,,,Active
1028,SRSSBCG21PMPR-U000,,,,,,Active
1029,46211127,Q.PEAK DUO BLK G6+,335,GA,Residential,GA / Q.PEAK DUO BLK G6+ / RES / US / 335,Active
1030,BRSCOSPENC4XS-U000,00.None,,,,,Active
1031,SRCCPTROLCRIS-U000,,,,,,Active
1032,46219128,Q.PEAK DUO BLK G6+,340,GA,Residential,GA / Q.PEAK DUO BLK G6+ / RES / US / 340,Active
1033,46218128,Q.PEAK DUO BLK G6+,340,GA,Residential,GA / Q.PEAK DUO BLK G6+ / RES / US / 340,Active
1034,46110145,Q.PEAK DUO L G6,425,GA,U&C,GA / Q.PEAK DUO L G6 / ULC / US / 425,Active
1035,46111145,Q.PEAK DUO L G6,425,GA,U&C,GA / Q.PEAK DUO L G6 / ULC / US / 425,Active
1036,46112145,Q.PEAK DUO L G6,425,GA,U&C,GA / Q.PEAK DUO L G6 / ULC / US / 425,Active
1037,46109145,Q.PEAK DUO L G6,425,GA,U&C,GA / Q.PEAK DUO L G6 / ULC / US / 425,Active
1038,46109146,Q.PEAK DUO L G6,430,GA,U&C,GA / Q.PEAK DUO L G6 / ULC / US / 430,Active
1039,46110146,Q.PEAK DUO L G6,430,GA,U&C,GA / Q.PEAK DUO L G6 / ULC / US / 430,Active
1040,46111146,Q.PEAK DUO L G6,430,GA,U&C,GA / Q.PEAK DUO L G6 / ULC / US / 430,Active
1041,46225128,Q.PEAK DUO G6+,340,GA,Residential,GA / Q.PEAK DUO G6+ / RES / US / 340,Active
1042,46225129,Q.PEAK DUO G6+,345,GA,Residential,GA / Q.PEAK DUO G6+ / RES / US / 345,Active
1043,46206127,Q.PEAK DUO BLK G6+,335,GA,Residential,GA / Q.PEAK DUO BLK G6+ / RES / US / 335,Active
1044,46216127,Q.PEAK DUO BLK G6+,335,GA,Residential,GA / Q.PEAK DUO BLK G6+ / RES / US / 335,Active
1045,46218127,Q.PEAK DUO BLK G6+,335,GA,Residential,GA / Q.PEAK DUO BLK G6+ / RES / US / 335,Active
1046,46219127,Q.PEAK DUO BLK G6+,335,GA,Residential,GA / Q.PEAK DUO BLK G6+ / RES / US / 335,Active
1047,30397471C,Q.PEAK DUO XL G10,475,JC,U&C,JC / Q.PEAK DUO XL G10 / ULC / US / 475,Active
1048,30390255C+,T395H,395,JC,Residential,JC / T395H / RES / US / 395,Active
1049,30390256C+,T400H,400,JC,Residential,JC / T400H / RES / US / 400,Active
1050,49302153,Q.PEAK DUO XL G10,465,GA,U&C,GA / Q.PEAK DUO XL G10 / ULC / US / 465,Active
1051,30397472C,Q.PEAK DUO XL G10,480,JC,U&C,JC / Q.PEAK DUO XL G10 / ULC / US / 480,Active
1052,30390156C,Q.PEAK DUO BLK ML G10+,400,ES,Residential,ES / Q.PEAK DUO BLK ML G10+ / RES / US / 400,Active
1053,30385558C,Q.PEAK DUO ML G10+,410,ES,Residential,ES / Q.PEAK DUO ML G10+ / RES / US / 410,Active
1054,BRMBRSTEI800R-U000,00.None,,,,,Active
1055,BRMBRFCL3500R-U000,00.None,,,,,Active
1056,575sample,,575,,,,Active
1057,12005803C,Q.PEAK DUO L G8,430,CYB,U&C,CYB / Q.PEAK DUO L G8 / ULC / US / 430,Active
1058,49301156,Q.PEAK DUO XL G10,480,GA,U&C,GA / Q.PEAK DUO XL G10 / ULC / US / 480,Active
1059,49301155,Q.PEAK DUO XL G10,475,GA,U&C,GA / Q.PEAK DUO XL G10 / ULC / US / 475,Active
1060,49201131,Q.PEAK DUO BLK G10+,355,GA,Residential,GA / Q.PEAK DUO BLK G10+ / RES / US / 355,Active
1061,49402139,T395H,395,GA,Residential,GA / T395H / RES / US / 395,Active
1062,49401137,Q.PEAK DUO BLK ML G10.a+,385,GA,Residential,GA / Q.PEAK DUO BLK ML G10.a+ / RES / US / 385,Active
1063,46220528,Q.PEAK DUO BLK G6+/HL,340,GA,Residential,GA / Q.PEAK DUO BLK G6+/HL / RES / US / 340,Active
1064,49302154,Q.PEAK DUO XL G10,470,GA,U&C,GA / Q.PEAK DUO XL G10 / ULC / US / 470,Active
1065,30371611C+,Q.PEAK DUO G6+,350,JC,Residential,JC / Q.PEAK DUO G6+ / RES / US / 350,Active
1066,30376609C+,Q.PEAK DUO BLK G6+,340,JC,Residential,JC / Q.PEAK DUO BLK G6+ / RES / US / 340,Active
1067,49406540,T400H,400,GA,Residential,GA / T400H / RES / US / 400,Active
1068,TEST123,,,,,,Active
1069,30390219,Q.PEAK DUO BLK ML G10+/TS,390,,,,Active
1070,test1234,,,,,,Active
1071,30390219H,T390H,390,JC,Residential,JC / T390H / RES / US / 390,Active
1072,30390157H,Q.PEAK DUO BLK ML G10+,405,ES,Residential,ES / Q.PEAK DUO BLK ML G10+ / RES / US / 405,Active
1073,BRCFPRRABPWCD-U000,00.None,,C&I,,C&I / NONE / ESS / C&I / US / ,Active
1074,SRENGNROLPRTC-U000,00.None,,C&I,,C&I / NONE / ESS / C&I / US / ,Active
1075,SRENGNROLULCT-U000,00.None,,C&I,,C&I / NONE / ESS / C&I / US / ,Active
1076,30392691,Q.PEAK DUO XL G11 BFG,575,ES,U&C,ES / Q.PEAK DUO XL G11 BFG / ULC / US / 575,Active
1077,30392692,Q.PEAK DUO XL G11 BFG,580,ES,U&C,ES / Q.PEAK DUO XL G11 BFG / ULC / US / 580,Active
1078,30392693,Q.PEAK DUO XL G11 BFG,585,ES,U&C,ES / Q.PEAK DUO XL G11 BFG / ULC / US / 585,Active
1079,30392973,Q.PEAK DUO XL G10 BFG,485,ES,U&C,ES / Q.PEAK DUO XL G10 BFG / ULC / US / 485,Active
1080,SRWEIH1017602-U000,INVERTER,,GA,,GA / INVERTER / ESS / RES / US / ,Active
1081,BWCENME1PATS2-U00R,00.None,,GA,,GA / NONE / ESS / RES / US / ,Active
1082,SRWBPNU015101-U000,Q.SAVE,,GA,,GA / Q.SAVE / ESS / RES / US / ,Active
1083,BWCBMSPT50SLX-U000,BAT45,,GA,,GA / BAT45 / ESS / RES / US / ,Active
1084,BWCACCBMS2SLX-U000,00.None,,GA,,GA / NONE / ESS / RES / US / ,Active
1085,SRWBPN101HT50-U00R,BAT63,,GA,,GA / BAT63 / ESS / RES / US / ,Active
1086,RRT-556-250-PMP-10Y,,,,,,Active
1087,SRENCTROLCDST-U000,00.None,,,,,Active
1088,SRENGNROLCDST-U000,,,,,,Active
1089,SRCCPTROLPWRC-U000,00.None,,,,,Active
1090,30385558F,Q.PEAK DUO ML G10+,410,ES,Residential,ES / Q.PEAK DUO ML G10+ / RES / US / 410,Active
1091,30390156F,Q.PEAK DUO BLK ML G10+,400,ES,Residential,ES / Q.PEAK DUO BLK ML G10+ / RES / US / 400,Active
1092,49205132,Q.PEAK DUO BLK G10+/HL,360,GA,Residential,GA / Q.PEAK DUO BLK G10+/HL / RES / US / 360,Active
1093,49205133,Q.PEAK DUO BLK G10+/HL,365,GA,Residential,GA / Q.PEAK DUO BLK G10+/HL / RES / US / 365,Active
1094,BRCFPRR751FPR-U000,00.None,,C&I,,C&I / NONE / ESS / C&I / US / ,Active
1095,49407140,Q.PEAK DUO BLK ML G10+,400,GA,Residential,GA / Q.PEAK DUO BLK ML G10+ / RES / US / 400,Active
1096,49404141,Q.PEAK DUO ML G10+,405,GA,Residential,GA / Q.PEAK DUO ML G10+ / RES / US / 405,Active
1097,49404142,Q.PEAK DUO ML G10+,410,GA,Residential,GA / Q.PEAK DUO ML G10+ / RES / US / 410,Active
1098,49404143,Q.PEAK DUO ML G10+,415,GA,Residential,GA / Q.PEAK DUO ML G10+ / RES / US / 415,Active
1099,49203133,Q.PEAK DUO BLK G10+,365,GA,Residential,GA / Q.PEAK DUO BLK G10+ / RES / US / 365,Active
1100,49204133,Q.PEAK DUO BLK G10+/AC,365,GA,Residential,GA / Q.PEAK DUO BLK G10+/AC / RES / US / 365,Active
1101,30393392,Q.PEAK DUO XL G11 BFG,580,JC,U&C,JC / Q.PEAK DUO XL G11 BFG / ULC / US / 580,Active
1102,30393891,Q.PEAK DUO XL G11 BFG,575,JC,U&C,JC / Q.PEAK DUO XL G11 BFG / ULC / US / 575,Active
1103,30393892,Q.PEAK DUO XL G11 BFG,580,JC,U&C,JC / Q.PEAK DUO XL G11 BFG / ULC / US / 580,Active
1104,30393393,Q.PEAK DUO XL G11 BFG,585,JC,U&C,JC / Q.PEAK DUO XL G11 BFG / ULC / US / 585,Active
1105,30393893,Q.PEAK DUO XL G11 BFG,585,JC,U&C,JC / Q.PEAK DUO XL G11 BFG / ULC / US / 585,Active
1106,BWCCABL1P500D-U00R,3M Power & Comm Cable,,GA,,GA / 3M Power & Comm Cable / ESS / RES / US / ,Active
1107,BWCCABL1P500N-U00R,3M Power & Comm Cable,,GA,,GA / 3M Power & Comm Cable / ESS / RES / US / ,Active
1108,BWCCABL1P500P-U00R,3M Power & Comm Cable,,GA,,GA / 3M Power & Comm Cable / ESS / RES / US / ,Active
1109,30392591,Q.PEAK DUO XL G11 BFG,575,ES,U&C,ES / Q.PEAK DUO XL G11 BFG / ULC / US / 575,Active
1110,49405138,Q.PEAK DUO BLK ML G10+,390,GA,Residential,GA / Q.PEAK DUO BLK ML G10+ / RES / US / 390,Active
1111,30378190H,Q.PEAK DUO XL G11,570,ES,U&C,ES / Q.PEAK DUO XL G11 / ULC / US / 570,Active
1112,30378191H,Q.PEAK DUO XL G11,575,ES,U&C,ES / Q.PEAK DUO XL G11 / ULC / US / 575,Active
1113,12005831_31,Q.PEAK DUO XL G10 BFG,485,CYB,U&C,CYB / Q.PEAK DUO XL G10 BFG / ULC / US / 485,Active
1114,12005832_31,Q.PEAK DUO XL G10 BFG,480,CYB,U&C,CYB / Q.PEAK DUO XL G10 BFG / ULC / US / 480,Active
1115,RRN-559-250-ENG-SRVS,00.None,,C&I,,C&I / NONE / ESS / C&I / US / ,Active
1116,30392592_30,Q.PEAK DUO XL G11 BFG,580,ES,U&C,ES / Q.PEAK DUO XL G11 BFG / ULC / US / 580,Active
1117,30392593_29,Q.PEAK DUO XL G11 BFG,585,ES,U&C,ES / Q.PEAK DUO XL G11 BFG / ULC / US / 585,Active
1118,30392593_30,Q.PEAK DUO XL G11 BFG,585,ES,U&C,ES / Q.PEAK DUO XL G11 BFG / ULC / US / 585,Active
1119,49204130,Q.PEAK DUO BLK G10+/AC,350,GA,U&C,GA / Q.PEAK DUO BLK G10+/AC / ULC / US / 350,Active
1120,30392971,Q.PEAK DUO XL G10 BFG,475,ES,U&C,ES / Q.PEAK DUO XL G10 BFG / ULC / US / 475,Active
1121,30393791,Q.PEAK DUO XL G11 BFG,575,ES,U&C,ES / Q.PEAK DUO XL G11 BFG / ULC / US / 575,Active
1122,49404140,Q.PEAK DUO ML G10+,400,GA,Residential,GA / Q.PEAK DUO ML G10+ / RES / US / 400,Active
1123,BWCCABL1P500D-U000,3M Power & Comm Cable,,GA,,GA / 3M Power & Comm Cable / ESS / RES / US / ,Active
1124,BWCCABL1P500N-U000,3M Power & Comm Cable,,GA,,GA / 3M Power & Comm Cable / ESS / RES / US / ,Active
1125,BWCCABL1P500P-U000,3M Power & Comm Cable,,GA,,GA / 3M Power & Comm Cable / ESS / RES / US / ,Active
1126,BRWMLD10RSDTK-U000,APS.RSD-D-PLC,,GA,,GA / APS.RSD-D-PLC / ESS / RES / US / ,Active
1127,30376709C,Q.PEAK DUO BLK G6+,340,JC,Residential,JC / Q.PEAK DUO BLK G6+ / RES / US / 340,Active
1128,30390555C,Q.PEAK DUO BLK ML G10.a+,395,JC,Residential,JC / Q.PEAK DUO BLK ML G10.a+ / RES / US / 395,Active
1129,30390556C,Q.PEAK DUO BLK ML G10.a+,400,JC,Residential,JC / Q.PEAK DUO BLK ML G10.a+ / RES / US / 400,Active
1130,12005804C,Q.PEAK DUO L G8,425,CYB,U&C,CYB / Q.PEAK DUO L G8 / ULC / US / 425,Active
1131,BWCENME1PATS2-U000,00.None,,GA,,GA / NONE / ESS / RES / US / ,Active
1132,30393391,Q.PEAK DUO XL G11 BFG,575,JC,U&C,JC / Q.PEAK DUO XL G11 BFG / ULC / US / 575,Active
1133,30376809C,Q.PEAK DUO BLK G6+,340,JC,Residential,JC / Q.PEAK DUO BLK G6+ / RES / US / 340,Active
1134,12005559C,Q.PEAK DUO XL G10 BFG,475,CYB,U&C,CYB / Q.PEAK DUO XL G10 BFG / ULC / US / 475,Active
1135,30397570,Q.PEAK DUO XL G10 BFG,470,ES,U&C,ES / Q.PEAK DUO XL G10 BFG / ULC / US / 470,Active
1136,30392591_29,Q.PEAK DUO XL G11 BFG,575,ES,U&C,ES / Q.PEAK DUO XL G11 BFG / ULC / US / 575,Active
1137,30392591_30,Q.PEAK DUO XL G11 BFG,575,ES,U&C,ES / Q.PEAK DUO XL G11 BFG / ULC / US / 575,Active
1138,30392592_29,Q.PEAK DUO XL G11 BFG,580,ES,U&C,ES / Q.PEAK DUO XL G11 BFG / ULC / US / 580,Active
1139,12005805C,Q.PEAK DUO L G8,420,CYB,U&C,CYB / Q.PEAK DUO L G8 / ULC / US / 420,Active
1140,30390371,Q.PEAK DUO XL G10 BFG,475,ES,U&C,ES / Q.PEAK DUO XL G10 BFG / ULC / US / 475,Active
1141,49206133,Q.PEAK DUO BLK G10+,365,GA,Residential,GA / Q.PEAK DUO BLK G10+ / RES / US / 365,Active
1142,BWCENME1P0012-U00R,00.None,,GA,,GA / NONE / ESS / RES / US / ,Active
1143,BWCENME1P003P-U00R,00.None,,GA,,GA / NONE / ESS / RES / US / ,Active
1144,BWCENME1P0AN2-U000,00.None,,GA,,GA / NONE / ESS / RES / US / ,Active
1145,RRN-1674-500-ENG-SRVS,00.None,,GA,,GA / NONE / ESS / C&I / US / ,Active
1146,RRN-1674-500-ESS,00.None,,GA,,GA / NONE / ESS / C&I / US / ,Active
1147,RRN-1674-500-EXTWARR-10Y,00.None,,GA,,GA / NONE / ESS / C&I / US / ,Active
1148,RRN-1674-500-PMP-10Y,00.None,,GA,,GA / NONE / ESS / C&I / US / ,Active
1149,RRN-1674-500 -COMMISSIONING,00.None,,GA,,GA / NONE / ESS / C&I / US / ,Active
1150,RRN-1674-500-DDP,00.None,,GA,,GA / NONE / ESS / C&I / US / ,Active
1151,12006624H,Q.PEAK DUO BLK ML G10+,400,CYB,Residential,CYB / Q.PEAK DUO BLK ML G10+ / RES / US / 400,Active
1152,49404138,Q.PEAK DUO ML G10+,390,GA,Residential,GA / Q.PEAK DUO ML G10+ / RES / US / 390,Active
1153,49404139,Q.PEAK DUO ML G10+,395,GA,Residential,GA / Q.PEAK DUO ML G10+ / RES / US / 395,Active
1154,RRN-559-250-ESS-OGM,00.None,,GA,,GA / NONE / ESS / C&I / US / ,Active
1155,RRN-559-250-ENG-SRVS-OGM,00.None,,GA,,GA / NONE / ESS / C&I / US / ,Active
1156,RRN-559-250-COMMISSIONING-OGM,00.None,,GA,,GA / NONE / ESS / C&I / US / ,Active
1157,RRN-559-250-EXTWARR-10Y-OGM,00.None,,GA,,GA / NONE / ESS / C&I / US / ,Active
1158,RRN-559-250-PMP-10Y-OGM,00.None,,GA,,GA / NONE / ESS / C&I / US / ,Active
1159,RRN-559-250-DDP-OGM,00.None,,GA,,GA / NONE / ESS / C&I / US / ,Active
1160,12005833_31,Q.PEAK DUO XL G10 BFG,475,CYB,U&C,CYB / Q.PEAK DUO XL G10 BFG / ULC / US / 475,Active
1161,49405540,Q.PEAK DUO BLK ML G10+,400,GA,Residential,GA / Q.PEAK DUO BLK ML G10+ / RES / US / 400,Active
1162,49407139,Q.PEAK DUO BLK ML G10+,395,GA,Residential,GA / Q.PEAK DUO BLK ML G10+ / RES / US / 395,Active
1163,49206132,Q.PEAK DUO BLK G10+,360,GA,Residential,GA / Q.PEAK DUO BLK G10+ / RES / US / 360,Active
1164,SRCCPTROL10EX-U000,00.None,,GA,,GA / NONE / ESS / C&I / US / ,Active
1165,30393073,Q.PEAK DUO XL G10 BFG,485,JC,U&C,JC / Q.PEAK DUO XL G10 BFG / ULC / US / 485,Active
1166,30393156H,Q.PEAK DUO BLK ML G10+,400,ES,Residential,ES / Q.PEAK DUO BLK ML G10+ / RES / US / 400,Active
1167,30394371,Q.PEAK DUO XL G10 BFG,475,ES,U&C,ES / Q.PEAK DUO XL G10 BFG / ULC / US / 475,Active
1168,30394073,Q.PEAK DUO XL G10 BFG,485,ES,U&C,ES / Q.PEAK DUO XL G10 BFG / ULC / US / 485,Active
1169,30394372,Q.PEAK DUO XL G10 BFG,480,ES,U&C,ES / Q.PEAK DUO XL G10 BFG / ULC / US / 480,Active
1170,30394472,Q.PEAK DUO XL G10 BFG,480,ES,U&C,ES / Q.PEAK DUO XL G10 BFG / ULC / US / 480,Active
1171,30394473,Q.PEAK DUO XL G10 BFG,485,ES,U&C,ES / Q.PEAK DUO XL G10 BFG / ULC / US / 485,Active
1172,30390158H,Q.PEAK DUO BLK ML G10+,410,ES,Residential,ES / Q.PEAK DUO BLK ML G10+ / RES / US / 410,Active
1173,30392974,Q.PEAK DUO XL G10 BFG,490,ES,U&C,ES / Q.PEAK DUO XL G10 BFG / ULC / US / 490,Active
1174,49408139,Q.PEAK DUO BLK ML G10+,395,GA,Residential,GA / Q.PEAK DUO BLK ML G10+ / RES / US / 395,Active
1175,49408140,Q.PEAK DUO BLK ML G10+,400,GA,Residential,GA / Q.PEAK DUO BLK ML G10+ / RES / US / 400,Active
1176,12003104,Q.PEAK DUO L G7,395,CYB,U&C,CYB / Q.PEAK DUO L G7 / ULC / US / 395,Active
1177,12006726H,Q.PEAK DUO BLK ML G10+,400,CYB,Residential,CYB / Q.PEAK DUO BLK ML G10+ / RES / US / 400,Active
1178,12006785,Q.PEAK DUO XL G10 BFG,480,CYB,U&C,CYB / Q.PEAK DUO XL G10 BFG / ULC / US / 480,Active
1179,12006725H,Q.PEAK DUO BLK ML G10+,395,CYB,Residential,CYB / Q.PEAK DUO BLK ML G10+ / RES / US / 395,Active
1180,12006786,Q.PEAK DUO XL G10 BFG,485,CYB,U&C,CYB / Q.PEAK DUO XL G10 BFG / ULC / US / 485,Active
1181,49409140,T400H,400,GA,Residential,GA / T400H / RES / US / 400,Active
1182,30392873,Q.PEAK DUO XL G10 BFG,485,JC,U&C,JC / Q.PEAK DUO XL G10 BFG / ULC / US / 485,Active
1183,30394471,Q.PEAK DUO XL G10 BFG,475,ES,U&C,ES / Q.PEAK DUO XL G10 BFG / ULC / US / 475,Active
1184,49409139,T395H,395,GA,Residential,GA / T395H / RES / US / 395,Active
1185,49409540,T400H,400,GA,Residential,GA / T400H / RES / US / 400,Active
1186,30393772,Q.PEAK DUO XL G11 BFG,480,ES,U&C,ES / Q.PEAK DUO XL G11 BFG / ULC / US / 480,Active
1187,49413140,Q.PEAK DUO BLK ML G10+/TS,400,GA,Residential,GA / Q.PEAK DUO BLK ML G10+/TS / RES / US / 400,Active
1188,30393071,Q.PEAK DUO XL G10 BFG,475,JC,U&C,JC / Q.PEAK DUO XL G10 BFG / ULC / US / 475,Active
1189,30393072,Q.PEAK DUO XL G10 BFG,480,JC,U&C,JC / Q.PEAK DUO XL G10 BFG / ULC / US / 480,Active
1190,30390457H,Q.PEAK DUO BLK ML G10+,405,ES,Residential,ES / Q.PEAK DUO BLK ML G10+ / RES / US / 405,Active
1191,30392972,Q.PEAK DUO XL G10 BFG,480,ES,U&C,ES / Q.PEAK DUO XL G10 BFG / ULC / US / 480,Active
1192,30392592,Q.PEAK DUO XL G11 BFG,580,ES,U&C,ES / Q.PEAK DUO XL G11 BFG / ULC / US / 580,Active
1193,30392593,Q.PEAK DUO XL G11 BFG,585,ES,U&C,ES / Q.PEAK DUO XL G11 BFG / ULC / US / 585,Active
1194,30393792,Q.PEAK DUO XL G11 BFG,580,ES,U&C,ES / Q.PEAK DUO XL G11 BFG / ULC / US / 580,Active
1195,30393793,Q.PEAK DUO XL G11 BFG,585,ES,U&C,ES / Q.PEAK DUO XL G11 BFG / ULC / US / 585,Active
1196,30392473,Q.PEAK DUO XL G10 BFG,485,ES,U&C,ES / Q.PEAK DUO XL G10 BFG / ULC / US / 485,Active
1197,30394072,Q.PEAK DUO XL G10 BFG,480,ES,U&C,ES / Q.PEAK DUO XL G10 BFG / ULC / US / 480,Active
1198,30391373,Q.PEAK DUO XL G10 BFG,485,JC,U&C,JC / Q.PEAK DUO XL G10 BFG / ULC / US / 485,Active
1199,30394074,Q.PEAK DUO XL G10 BFG,490,ES,U&C,ES / Q.PEAK DUO XL G10 BFG / ULC / US / 490,Active
1200,49303554,Q.PEAK DUO XL G10,470,GA,U&C,GA / Q.PEAK DUO XL G10 / ULC / US / 470,Active
1201,49304154,Q.PEAK DUO XL G10,470,GA,U&C,GA / Q.PEAK DUO XL G10 / ULC / US / 470,Active
1202,49304158,Q.PEAK DUO XL G10 BFG,490,GA,U&C,GA / Q.PEAK DUO XL G10 BFG / ULC / US / 490,Active
1203,SSDW-00001,INVERTER,,,,,Active
1204,SSDW-00002,INVERTER,,,,,Active
1205,SSDW-00003,INVERTER,,,,,Active
1206,SSDW-00004,INVERTER,,,,,Active
1207,SSDW-00005,INVERTER,,,,,Active
1208,SSDW-00006,INVERTER,,,,,Active
1209,SSDW-00007,INVERTER,,,,,Active
1210,SSDW-00008,INVERTER,,,,,Active
1211,SSPW-00001,Q.SAVE,,,,,Active
1212,SBEW-00012,Q.HOME+ ESS,,,,,Active
1213,SBEW-00013,BAT BMS-G1,,,,,Active
1214,SBEW-00014,00.None,,,,,Active
1215,SBEW-00015,00.None,,,,,Active
1216,49408341,Q.PEAK DUO BLK ML G10+,405,GA,Residential,GA / Q.PEAK DUO BLK ML G10+ / RES / US / 405,Active
1217,30394474,Q.PEAK DUO XL G10 BFG,490,ES,U&C,ES / Q.PEAK DUO XL G10 BFG / ULC / US / 490,Active
1218,12006770H,Q.PEAK DUO ML G10+,405,CYB,Residential,CYB / Q.PEAK DUO ML G10+ / RES / US / 405,Active
1219,12006771H,Q.PEAK DUO ML G10+,410,CYB,Residential,CYB / Q.PEAK DUO ML G10+ / RES / US / 410,Active
1220,12006772H,Q.PEAK DUO L G6,415,CYB,Residential,CYB / Q.PEAK DUO L G6 / RES / US / 415,Active
1221,RRN-373-150-ISLANDING-MODE-ADDER,00.None,,C&I,,C&I / NONE / ESS / C&I / US / ,Active
1222,BRCFPRR700FPR-U000,00.None,,,,,Active
1223,49301153,Q.PEAK DUO XL G10,465,GA,U&C,GA / Q.PEAK DUO XL G10 / ULC / US / 465,Active
1224,49413139,Q.PEAK DUO BLK ML G10+/TS,395,GA,Residential,GA / Q.PEAK DUO BLK ML G10+/TS / RES / US / 395,Active
1225,49413540,Q.PEAK DUO BLK ML G10+/TS,400,GA,Residential,GA / Q.PEAK DUO BLK ML G10+/TS / RES / US / 400,Active
1226,30390119H,Q.PEAK DUO BLK ML G10+,390,ES,Residential,ES / Q.PEAK DUO BLK ML G10+ / RES / US / 390,Active
1227,30390419H,Q.PEAK DUO BLK ML G10+,390,ES,Residential,ES / Q.PEAK DUO BLK ML G10+ / RES / US / 390,Active
1228,30391591_30,Q.PEAK DUO XL G11 BFG,575,JC,U&C,JC / Q.PEAK DUO XL G11 BFG / ULC / US / 575,Active
